pais,sistema_local,cod_local,sistema_coicop,coicop,tipo,parcela,metodo,confianca,revisado
BRA,IPCA_SNIPC,1101002,COICOP1999,01.1.1,n:1,1.0,manual_planilha,1.0,True
BRA,IPCA_SNIPC,1101051,COICOP1999,01.1.1,n:1,1.0,manual_planilha,1.0,True
BRA,IPCA_SNIPC,1101052,COICOP1999,01.1.1,n:1,1.0,manual_planilha,1.0,True
BRA,IPCA_SNIPC,1101053,COICOP1999,01.1.1,n:1,1.0,manual_planilha,1.0,True
BRA,IPCA_SNIPC,1101073,COICOP1999,01.1.1,n:1,1.0,manual_planilha,1.0,True
BRA,IPCA_SNIPC,1101079,COICOP1999,01.1.1,n:1,1.0,manual_planilha,1.0,True
BRA,IPCA_SNIPC,1102001,COICOP1999,01.1.1,n:1,1.0,manual_planilha,1.0,True
BRA,IPCA_SNIPC,1102006,COICOP1999,01.1.1,n:1,1.0,manual_planilha,1.0,True
BRA,IPCA_SNIPC,1102008,COICOP1999,01.1.1,n:1,1.0,manual_planilha,1.0,True
BRA,IPCA_SNIPC,1102010,COICOP1999,01.1.1,n:1,1.0,manual_planilha,1.0,True
BRA,IPCA_SNIPC,1102012,COICOP1999,01.1.1,n:1,1.0,manual_planilha,1.0,True
BRA,IPCA_SNIPC,1102023,COICOP1999,01.1.1,n:1,1.0,manual_planilha,1.0,True
BRA,IPCA_SNIPC,1102029,COICOP1999,01.1.1,n:1,1.0,manual_planilha,1.0,True
BRA,IPCA_SNIPC,1102061,COICOP1999,01.1.1,n:1,1.0,manual_planilha,1.0,True
BRA,IPCA_SNIPC,1103002,COICOP1999,01.1.7,n:1,1.0,manual_planilha,1.0,True
BRA,IPCA_SNIPC,1103003,COICOP1999,01.1.7,n:1,1.0,manual_planilha,1.0,True
BRA,IPCA_SNIPC,1103004,COICOP1999,01.1.7,n:1,1.0,manual_planilha,1.0,True
BRA,IPCA_SNIPC,1103005,COICOP1999,01.1.7,n:1,1.0,manual_planilha,1.0,True
BRA,IPCA_SNIPC,1103020,COICOP1999,01.1.7,n:1,1.0,manual_planilha,1.0,True
BRA,IPCA_SNIPC,1103025,COICOP1999,01.1.7,n:1,1.0,manual_planilha,1.0,True
BRA,IPCA_SNIPC,1103026,COICOP1999,01.1.7,n:1,1.0,manual_planilha,1.0,True
BRA,IPCA_SNIPC,1103028,COICOP1999,01.1.7,n:1,1.0,manual_planilha,1.0,True
BRA,IPCA_SNIPC,1103043,COICOP1999,01.1.7,n:1,1.0,manual_planilha,1.0,True
BRA,IPCA_SNIPC,1103044,COICOP1999,01.1.7,n:1,1.0,manual_planilha,1.0,True
BRA,IPCA_SNIPC,1104003,COICOP1999,01.1.8,n:1,1.0,manual_planilha,1.0,True
BRA,IPCA_SNIPC,1104004,COICOP1999,01.1.8,n:1,1.0,manual_planilha,1.0,True
BRA,IPCA_SNIPC,1104018,COICOP1999,01.1.8,n:1,1.0,manual_planilha,1.0,True
BRA,IPCA_SNIPC,1104023,COICOP1999,01.1.8,n:1,1.0,manual_planilha,1.0,True
BRA,IPCA_SNIPC,1104032,COICOP1999,01.1.8,n:1,1.0,manual_planilha,1.0,True
BRA,IPCA_SNIPC,1104052,COICOP1999,01.1.8,n:1,1.0,manual_planilha,1.0,True
BRA,IPCA_SNIPC,1104060,COICOP1999,01.1.8,n:1,1.0,manual_planilha,1.0,True
BRA,IPCA_SNIPC,1104067,COICOP1999,01.1.8,n:1,1.0,manual_planilha,1.0,True
BRA,IPCA_SNIPC,1105001,COICOP1999,01.1.7,n:1,1.0,manual_planilha,1.0,True
BRA,IPCA_SNIPC,1105004,COICOP1999,01.1.7,n:1,1.0,manual_planilha,1.0,True
BRA,IPCA_SNIPC,1105005,COICOP1999,01.1.7,n:1,1.0,manual_planilha,1.0,True
BRA,IPCA_SNIPC,1105006,COICOP1999,01.1.7,n:1,1.0,manual_planilha,1.0,True
BRA,IPCA_SNIPC,1105010,COICOP1999,01.1.7,n:1,1.0,manual_planilha,1.0,True
BRA,IPCA_SNIPC,1105012,COICOP1999,01.1.7,n:1,1.0,manual_planilha,1.0,True
BRA,IPCA_SNIPC,1105019,COICOP1999,01.1.7,n:1,1.0,manual_planilha,1.0,True
BRA,IPCA_SNIPC,1106001,COICOP1999,01.1.6,n:1,1.0,manual_planilha,1.0,True
BRA,IPCA_SNIPC,1106003,COICOP1999,01.1.6,n:1,1.0,manual_planilha,1.0,True
BRA,IPCA_SNIPC,1106004,COICOP1999,01.1.6,n:1,1.0,manual_planilha,1.0,True
BRA,IPCA_SNIPC,1106005,COICOP1999,01.1.6,n:1,1.0,manual_planilha,1.0,True
BRA,IPCA_SNIPC,1106006,COICOP1999,01.1.6,n:1,1.0,manual_planilha,1.0,True
BRA,IPCA_SNIPC,1106008,COICOP1999,01.1.6,n:1,1.0,manual_planilha,1.0,True
BRA,IPCA_SNIPC,1106011,COICOP1999,01.1.6,n:1,1.0,manual_planilha,1.0,True
BRA,IPCA_SNIPC,1106012,COICOP1999,01.1.6,n:1,1.0,manual_planilha,1.0,True
BRA,IPCA_SNIPC,1106015,COICOP1999,01.1.6,n:1,1.0,manual_planilha,1.0,True
BRA,IPCA_SNIPC,1106017,COICOP1999,01.1.6,n:1,1.0,manual_planilha,1.0,True
BRA,IPCA_SNIPC,1106018,COICOP1999,01.1.6,n:1,1.0,manual_planilha,1.0,True
BRA,IPCA_SNIPC,1106019,COICOP1999,01.1.6,n:1,1.0,manual_planilha,1.0,True
BRA,IPCA_SNIPC,1106020,COICOP1999,01.1.6,n:1,1.0,manual_planilha,1.0,True
BRA,IPCA_SNIPC,1106021,COICOP1999,01.1.6,n:1,1.0,manual_planilha,1.0,True
BRA,IPCA_SNIPC,1106022,COICOP1999,01.1.6,n:1,1.0,manual_planilha,1.0,True
BRA,IPCA_SNIPC,1106023,COICOP1999,01.1.6,n:1,1.0,manual_planilha,1.0,True
BRA,IPCA_SNIPC,1106027,COICOP1999,01.1.6,n:1,1.0,manual_planilha,1.0,True
BRA,IPCA_SNIPC,1106028,COICOP1999,01.1.6,n:1,1.0,manual_planilha,1.0,True
BRA,IPCA_SNIPC,1106039,COICOP1999,01.1.6,n:1,1.0,manual_planilha,1.0,True
BRA,IPCA_SNIPC,1106051,COICOP1999,01.1.6,n:1,1.0,manual_planilha,1.0,True
BRA,IPCA_SNIPC,1106084,COICOP1999,01.1.6,n:1,1.0,manual_planilha,1.0,True
BRA,IPCA_SNIPC,1107009,COICOP1999,01.1.2,n:1,1.0,manual_planilha,1.0,True
BRA,IPCA_SNIPC,1107018,COICOP1999,01.1.2,n:1,1.0,manual_planilha,1.0,True
BRA,IPCA_SNIPC,1107031,COICOP1999,01.1.2,n:1,1.0,manual_planilha,1.0,True
BRA,IPCA_SNIPC,1107081,COICOP1999,01.1.2,n:1,1.0,manual_planilha,1.0,True
BRA,IPCA_SNIPC,1107084,COICOP1999,01.1.2,n:1,1.0,manual_planilha,1.0,True
BRA,IPCA_SNIPC,1107085,COICOP1999,01.1.2,n:1,1.0,manual_planilha,1.0,True
BRA,IPCA_SNIPC,1107087,COICOP1999,01.1.2,n:1,1.0,manual_planilha,1.0,True
BRA,IPCA_SNIPC,1107088,COICOP1999,01.1.2,n:1,1.0,manual_planilha,1.0,True
BRA,IPCA_SNIPC,1107089,COICOP1999,01.1.2,n:1,1.0,manual_planilha,1.0,True
BRA,IPCA_SNIPC,1107090,COICOP1999,01.1.2,n:1,1.0,manual_planilha,1.0,True
BRA,IPCA_SNIPC,1107091,COICOP1999,01.1.2,n:1,1.0,manual_planilha,1.0,True
BRA,IPCA_SNIPC,1107093,COICOP1999,01.1.2,n:1,1.0,manual_planilha,1.0,True
BRA,IPCA_SNIPC,1107094,COICOP1999,01.1.2,n:1,1.0,manual_planilha,1.0,True
BRA,IPCA_SNIPC,1107095,COICOP1999,01.1.2,n:1,1.0,manual_planilha,1.0,True
BRA,IPCA_SNIPC,1107096,COICOP1999,01.1.2,n:1,1.0,manual_planilha,1.0,True
BRA,IPCA_SNIPC,1107097,COICOP1999,01.1.2,n:1,1.0,manual_planilha,1.0,True
BRA,IPCA_SNIPC,1107099,COICOP1999,01.1.2,n:1,1.0,manual_planilha,1.0,True
BRA,IPCA_SNIPC,1107208,COICOP1999,01.1.2,n:1,1.0,manual_planilha,1.0,True
BRA,IPCA_SNIPC,1108002,COICOP1999,01.1.3,n:1,1.0,manual_planilha,1.0,True
BRA,IPCA_SNIPC,1108004,COICOP1999,01.1.3,n:1,1.0,manual_planilha,1.0,True
BRA,IPCA_SNIPC,1108011,COICOP1999,01.1.3,n:1,1.0,manual_planilha,1.0,True
BRA,IPCA_SNIPC,1108012,COICOP1999,01.1.3,n:1,1.0,manual_planilha,1.0,True
BRA,IPCA_SNIPC,1108013,COICOP1999,01.1.3,n:1,1.0,manual_planilha,1.0,True
BRA,IPCA_SNIPC,1108019,COICOP1999,01.1.3,n:1,1.0,manual_planilha,1.0,True
BRA,IPCA_SNIPC,1108029,COICOP1999,01.1.3,n:1,1.0,manual_planilha,1.0,True
BRA,IPCA_SNIPC,1108031,COICOP1999,01.1.3,n:1,1.0,manual_planilha,1.0,True
BRA,IPCA_SNIPC,1108032,COICOP1999,01.1.3,n:1,1.0,manual_planilha,1.0,True
BRA,IPCA_SNIPC,1108038,COICOP1999,01.1.3,n:1,1.0,manual_planilha,1.0,True
BRA,IPCA_SNIPC,1108045,COICOP1999,01.1.3,n:1,1.0,manual_planilha,1.0,True
BRA,IPCA_SNIPC,1108049,COICOP1999,01.1.3,n:1,1.0,manual_planilha,1.0,True
BRA,IPCA_SNIPC,1108052,COICOP1999,01.1.3,n:1,1.0,manual_planilha,1.0,True
BRA,IPCA_SNIPC,1108072,COICOP1999,01.1.3,n:1,1.0,manual_planilha,1.0,True
BRA,IPCA_SNIPC,1108075,COICOP1999,01.1.3,n:1,1.0,manual_planilha,1.0,True
BRA,IPCA_SNIPC,1108080,COICOP1999,01.1.3,n:1,1.0,manual_planilha,1.0,True
BRA,IPCA_SNIPC,1108087,COICOP1999,01.1.3,n:1,1.0,manual_planilha,1.0,True
BRA,IPCA_SNIPC,1108088,COICOP1999,01.1.3,n:1,1.0,manual_planilha,1.0,True
BRA,IPCA_SNIPC,1108092,COICOP1999,01.1.3,n:1,1.0,manual_planilha,1.0,True
BRA,IPCA_SNIPC,1108096,COICOP1999,01.1.3,n:1,1.0,manual_planilha,1.0,True
BRA,IPCA_SNIPC,1108112,COICOP1999,01.1.3,n:1,1.0,manual_planilha,1.0,True
BRA,IPCA_SNIPC,1108125,COICOP1999,01.1.3,n:1,1.0,manual_planilha,1.0,True
BRA,IPCA_SNIPC,1109002,COICOP1999,01.1.2,n:1,1.0,manual_planilha,1.0,True
BRA,IPCA_SNIPC,1109007,COICOP1999,01.1.2,n:1,1.0,manual_planilha,1.0,True
BRA,IPCA_SNIPC,1109008,COICOP1999,01.1.2,n:1,1.0,manual_planilha,1.0,True
BRA,IPCA_SNIPC,1109010,COICOP1999,01.1.2,n:1,1.0,manual_planilha,1.0,True
BRA,IPCA_SNIPC,1109012,COICOP1999,01.1.2,n:1,1.0,manual_planilha,1.0,True
BRA,IPCA_SNIPC,1109023,COICOP1999,01.1.2,n:1,1.0,manual_planilha,1.0,True
BRA,IPCA_SNIPC,1109056,COICOP1999,01.1.2,n:1,1.0,manual_planilha,1.0,True
BRA,IPCA_SNIPC,1109058,COICOP1999,01.1.2,n:1,1.0,manual_planilha,1.0,True
BRA,IPCA_SNIPC,1110009,COICOP1999,01.1.4,n:1,1.0,manual_planilha,1.0,True
BRA,IPCA_SNIPC,1110010,COICOP1999,01.1.4,n:1,1.0,manual_planilha,1.0,True
BRA,IPCA_SNIPC,1110044,COICOP1999,01.1.4,n:1,1.0,manual_planilha,1.0,True
BRA,IPCA_SNIPC,1111004,COICOP1999,01.1.4,n:1,1.0,manual_planilha,1.0,True
BRA,IPCA_SNIPC,1111008,COICOP1999,01.1.4,n:1,1.0,manual_planilha,1.0,True
BRA,IPCA_SNIPC,1111009,COICOP1999,01.1.4,n:1,1.0,manual_planilha,1.0,True
BRA,IPCA_SNIPC,1111011,COICOP1999,01.1.4,n:1,1.0,manual_planilha,1.0,True
BRA,IPCA_SNIPC,1111019,COICOP1999,01.1.4,n:1,1.0,manual_planilha,1.0,True
BRA,IPCA_SNIPC,1111021,COICOP1999,01.1.4,n:1,1.0,manual_planilha,1.0,True
BRA,IPCA_SNIPC,1111031,COICOP1999,01.1.4,n:1,1.0,manual_planilha,1.0,True
BRA,IPCA_SNIPC,1111038,COICOP1999,01.1.4,n:1,1.0,manual_planilha,1.0,True
BRA,IPCA_SNIPC,1112003,COICOP1999,01.1.1,n:1,1.0,manual_planilha,1.0,True
BRA,IPCA_SNIPC,1112015,COICOP1999,01.1.1,n:1,1.0,manual_planilha,1.0,True
BRA,IPCA_SNIPC,1112017,COICOP1999,01.1.1,n:1,1.0,manual_planilha,1.0,True
BRA,IPCA_SNIPC,1112018,COICOP1999,01.1.1,n:1,1.0,manual_planilha,1.0,True
BRA,IPCA_SNIPC,1112019,COICOP1999,01.1.1,n:1,1.0,manual_planilha,1.0,True
BRA,IPCA_SNIPC,1112025,COICOP1999,01.1.1,n:1,1.0,manual_planilha,1.0,True
BRA,IPCA_SNIPC,1113013,COICOP1999,01.1.5,n:1,1.0,manual_planilha,1.0,True
BRA,IPCA_SNIPC,1113014,COICOP1999,01.1.5,n:1,1.0,manual_planilha,1.0,True
BRA,IPCA_SNIPC,1113040,COICOP1999,01.1.5,n:1,1.0,manual_planilha,1.0,True
BRA,IPCA_SNIPC,1114001,COICOP1999,01.2.2,n:1,1.0,manual_planilha,1.0,True
BRA,IPCA_SNIPC,1114003,COICOP1999,01.2.2,n:1,1.0,manual_planilha,1.0,True
BRA,IPCA_SNIPC,1114004,COICOP1999,01.2.2,n:1,1.0,manual_planilha,1.0,True
BRA,IPCA_SNIPC,1114022,COICOP1999,01.2.1,n:1,1.0,manual_planilha,1.0,True
BRA,IPCA_SNIPC,1114023,COICOP1999,01.2.1,n:1,1.0,manual_planilha,1.0,True
BRA,IPCA_SNIPC,1114083,COICOP1999,01.2.2,n:1,1.0,manual_planilha,1.0,True
BRA,IPCA_SNIPC,1114084,COICOP1999,02.1.3,n:1,1.0,manual_planilha,1.0,True
BRA,IPCA_SNIPC,1114085,COICOP1999,02.1.1,n:1,1.0,manual_planilha,1.0,True
BRA,IPCA_SNIPC,1114087,COICOP1999,02.1.2,n:1,1.0,manual_planilha,1.0,True
BRA,IPCA_SNIPC,1114090,COICOP1999,01.2.2,n:1,1.0,manual_planilha,1.0,True
BRA,IPCA_SNIPC,1114091,COICOP1999,01.2.1,n:1,1.0,manual_planilha,1.0,True
BRA,IPCA_SNIPC,1115013,COICOP1999,01.1.9,n:1,1.0,manual_planilha,1.0,True
BRA,IPCA_SNIPC,1115016,COICOP1999,01.1.7,n:1,1.0,manual_planilha,1.0,True
BRA,IPCA_SNIPC,1115017,COICOP1999,01.1.7,n:1,1.0,manual_planilha,1.0,True
BRA,IPCA_SNIPC,1115039,COICOP1999,01.1.3,n:1,1.0,manual_planilha,1.0,True
BRA,IPCA_SNIPC,1115050,COICOP1999,01.1.2,n:1,1.0,manual_planilha,1.0,True
BRA,IPCA_SNIPC,1115056,COICOP1999,01.1.9,n:1,1.0,manual_planilha,1.0,True
BRA,IPCA_SNIPC,1115057,COICOP1999,01.1.7,n:1,1.0,manual_planilha,1.0,True
BRA,IPCA_SNIPC,1115058,COICOP1999,01.1.7,n:1,1.0,manual_planilha,1.0,True
BRA,IPCA_SNIPC,1115075,COICOP1999,01.1.3,n:1,1.0,manual_planilha,1.0,True
BRA,IPCA_SNIPC,1116001,COICOP1999,01.1.9,n:1,1.0,manual_planilha,1.0,True
BRA,IPCA_SNIPC,1116005,COICOP1999,01.1.9,n:1,1.0,manual_planilha,1.0,True
BRA,IPCA_SNIPC,1116010,COICOP1999,01.1.9,n:1,1.0,manual_planilha,1.0,True
BRA,IPCA_SNIPC,1116013,COICOP1999,01.1.9,n:1,1.0,manual_planilha,1.0,True
BRA,IPCA_SNIPC,1116022,COICOP1999,01.1.9,n:1,1.0,manual_planilha,1.0,True
BRA,IPCA_SNIPC,1116023,COICOP1999,01.1.9,n:1,1.0,manual_planilha,1.0,True
BRA,IPCA_SNIPC,1116026,COICOP1999,01.1.9,n:1,1.0,manual_planilha,1.0,True
BRA,IPCA_SNIPC,1116033,COICOP1999,01.1.9,n:1,1.0,manual_planilha,1.0,True
BRA,IPCA_SNIPC,1116041,COICOP1999,01.1.9,n:1,1.0,manual_planilha,1.0,True
BRA,IPCA_SNIPC,1116048,COICOP1999,01.1.9,n:1,1.0,manual_planilha,1.0,True
BRA,IPCA_SNIPC,1116071,COICOP1999,01.1.9,n:1,1.0,manual_planilha,1.0,True
BRA,IPCA_SNIPC,1201001,COICOP1999,11.1.1,n:1,1.0,manual_planilha,1.0,True
BRA,IPCA_SNIPC,1201003,COICOP1999,11.1.1,n:1,1.0,manual_planilha,1.0,True
BRA,IPCA_SNIPC,1201007,COICOP1999,11.1.1,n:1,1.0,manual_planilha,1.0,True
BRA,IPCA_SNIPC,1201009,COICOP1999,11.1.1,n:1,1.0,manual_planilha,1.0,True
BRA,IPCA_SNIPC,1201048,COICOP1999,11.1.1,n:1,1.0,manual_planilha,1.0,True
BRA,IPCA_SNIPC,1201051,COICOP1999,11.1.1,n:1,1.0,manual_planilha,1.0,True
BRA,IPCA_SNIPC,1201052,COICOP1999,11.1.1,n:1,1.0,manual_planilha,1.0,True
BRA,IPCA_SNIPC,1201061,COICOP1999,11.1.1,n:1,1.0,manual_planilha,1.0,True
BRA,IPCA_SNIPC,1201088,COICOP1999,11.1.1,n:1,1.0,manual_planilha,1.0,True
BRA,IPCA_SNIPC,2101001,COICOP1999,04.1.1,n:1,1.0,manual_planilha,1.0,True
BRA,IPCA_SNIPC,2101002,COICOP1999,04.4.4,n:1,1.0,manual_planilha,1.0,True
BRA,IPCA_SNIPC,2101004,COICOP1999,04.4.1,n:1,1.0,manual_planilha,1.0,True
BRA,IPCA_SNIPC,2101012,COICOP1999,07.3.6,n:1,1.0,manual_planilha,1.0,True
BRA,IPCA_SNIPC,2103005,COICOP1999,04.3.1,n:1,1.0,manual_planilha,1.0,True
BRA,IPCA_SNIPC,2103008,COICOP1999,04.3.1,n:1,1.0,manual_planilha,1.0,True
BRA,IPCA_SNIPC,2103012,COICOP1999,04.3.1,n:1,1.0,manual_planilha,1.0,True
BRA,IPCA_SNIPC,2103014,COICOP1999,04.3.1,n:1,1.0,manual_planilha,1.0,True
BRA,IPCA_SNIPC,2103032,COICOP1999,04.3.1,n:1,1.0,manual_planilha,1.0,True
BRA,IPCA_SNIPC,2103038,COICOP1999,04.3.1,n:1,1.0,manual_planilha,1.0,True
BRA,IPCA_SNIPC,2103039,COICOP1999,04.3.1,n:1,1.0,manual_planilha,1.0,True
BRA,IPCA_SNIPC,2103040,COICOP1999,04.3.1,n:1,1.0,manual_planilha,1.0,True
BRA,IPCA_SNIPC,2103041,COICOP1999,04.3.1,n:1,1.0,manual_planilha,1.0,True
BRA,IPCA_SNIPC,2103042,COICOP1999,04.3.2,n:1,1.0,manual_planilha,1.0,True
BRA,IPCA_SNIPC,2103048,COICOP1999,04.3.1,n:1,1.0,manual_planilha,1.0,True
BRA,IPCA_SNIPC,2103049,COICOP1999,04.3.1,n:1,1.0,manual_planilha,1.0,True
BRA,IPCA_SNIPC,2103055,COICOP1999,04.3.1,n:1,1.0,manual_planilha,1.0,True
BRA,IPCA_SNIPC,2104003,COICOP1999,05.6.1,n:1,1.0,manual_planilha,1.0,True
BRA,IPCA_SNIPC,2104005,COICOP1999,05.6.1,n:1,1.0,manual_planilha,1.0,True
BRA,IPCA_SNIPC,2104008,COICOP1999,05.6.1,n:1,1.0,manual_planilha,1.0,True
BRA,IPCA_SNIPC,2104009,COICOP1999,05.6.1,n:1,1.0,manual_planilha,1.0,True
BRA,IPCA_SNIPC,2104012,COICOP1999,05.6.1,n:1,1.0,manual_planilha,1.0,True
BRA,IPCA_SNIPC,2104015,COICOP1999,05.6.1,n:1,1.0,manual_planilha,1.0,True
BRA,IPCA_SNIPC,2104016,COICOP1999,05.6.1,n:1,1.0,manual_planilha,1.0,True
BRA,IPCA_SNIPC,2104019,COICOP1999,05.6.1,n:1,1.0,manual_planilha,1.0,True
BRA,IPCA_SNIPC,2104020,COICOP1999,05.6.1,n:1,1.0,manual_planilha,1.0,True
BRA,IPCA_SNIPC,2104041,COICOP1999,05.6.1,n:1,1.0,manual_planilha,1.0,True
BRA,IPCA_SNIPC,2104085,COICOP1999,05.6.1,n:1,1.0,manual_planilha,1.0,True
BRA,IPCA_SNIPC,2201003,COICOP1999,04.5.4,n:1,1.0,manual_planilha,1.0,True
BRA,IPCA_SNIPC,2201004,COICOP1999,04.5.2,n:1,1.0,manual_planilha,1.0,True
BRA,IPCA_SNIPC,2201005,COICOP1999,04.5.2,n:1,1.0,manual_planilha,1.0,True
BRA,IPCA_SNIPC,2202003,COICOP1999,04.5.1,n:1,1.0,manual_planilha,1.0,True
BRA,IPCA_SNIPC,3101002,COICOP1999,05.1.1,n:1,1.0,manual_planilha,1.0,True
BRA,IPCA_SNIPC,3101003,COICOP1999,05.1.1,n:1,1.0,manual_planilha,1.0,True
BRA,IPCA_SNIPC,3101015,COICOP1999,05.1.1,n:1,1.0,manual_planilha,1.0,True
BRA,IPCA_SNIPC,3101016,COICOP1999,05.1.1,n:1,1.0,manual_planilha,1.0,True
BRA,IPCA_SNIPC,3101017,COICOP1999,05.1.1,n:1,1.0,manual_planilha,1.0,True
BRA,IPCA_SNIPC,3102001,COICOP1999,05.1.1,n:1,1.0,manual_planilha,1.0,True
BRA,IPCA_SNIPC,3102005,COICOP1999,05.1.2,n:1,1.0,manual_planilha,1.0,True
BRA,IPCA_SNIPC,3102006,COICOP1999,05.2.0,n:1,1.0,manual_planilha,1.0,True
BRA,IPCA_SNIPC,3102007,COICOP1999,05.4.0,n:1,1.0,manual_planilha,1.0,True
BRA,IPCA_SNIPC,3102009,COICOP1999,05.4.0,n:1,1.0,manual_planilha,1.0,True
BRA,IPCA_SNIPC,3102010,COICOP1999,05.4.0,n:1,1.0,manual_planilha,1.0,True
BRA,IPCA_SNIPC,3102035,COICOP1999,09.3.3,n:1,1.0,manual_planilha,1.0,True
BRA,IPCA_SNIPC,3102337,COICOP1999,12.3.2,n:1,1.0,manual_planilha,1.0,True
BRA,IPCA_SNIPC,3103001,COICOP1999,05.2.0,n:1,1.0,manual_planilha,1.0,True
BRA,IPCA_SNIPC,3103003,COICOP1999,05.2.0,n:1,1.0,manual_planilha,1.0,True
BRA,IPCA_SNIPC,3201001,COICOP1999,05.3.1,n:1,1.0,manual_planilha,1.0,True
BRA,IPCA_SNIPC,3201002,COICOP1999,05.3.1,n:1,1.0,manual_planilha,1.0,True
BRA,IPCA_SNIPC,3201006,COICOP1999,05.3.1,n:1,1.0,manual_planilha,1.0,True
BRA,IPCA_SNIPC,3201013,COICOP1999,05.3.1,n:1,1.0,manual_planilha,1.0,True
BRA,IPCA_SNIPC,3201021,COICOP1999,05.3.1,n:1,1.0,manual_planilha,1.0,True
BRA,IPCA_SNIPC,3201050,COICOP1999,05.3.1,n:1,1.0,manual_planilha,1.0,True
BRA,IPCA_SNIPC,3202001,COICOP1999,09.1.1,n:1,1.0,manual_planilha,1.0,True
BRA,IPCA_SNIPC,3202003,COICOP1999,09.1.1,n:1,1.0,manual_planilha,1.0,True
BRA,IPCA_SNIPC,3202008,COICOP1999,09.1.1,n:1,1.0,manual_planilha,1.0,True
BRA,IPCA_SNIPC,3202028,COICOP1999,09.1.3,n:1,1.0,manual_planilha,1.0,True
BRA,IPCA_SNIPC,3301002,COICOP1999,05.3.3,n:1,1.0,manual_planilha,1.0,True
BRA,IPCA_SNIPC,3301006,COICOP1999,05.3.3,n:1,1.0,manual_planilha,1.0,True
BRA,IPCA_SNIPC,3301015,COICOP1999,05.3.3,n:1,1.0,manual_planilha,1.0,True
BRA,IPCA_SNIPC,3301022,COICOP1999,05.1.3,n:1,1.0,manual_planilha,1.0,True
BRA,IPCA_SNIPC,3301088,COICOP1999,08.2.0,n:1,1.0,manual_planilha,1.0,True
BRA,IPCA_SNIPC,3301130,COICOP1999,07.2.3,n:1,1.0,manual_planilha,1.0,True
BRA,IPCA_SNIPC,4101002,COICOP1999,03.1.2,n:1,1.0,manual_planilha,1.0,True
BRA,IPCA_SNIPC,4101005,COICOP1999,03.1.2,n:1,1.0,manual_planilha,1.0,True
BRA,IPCA_SNIPC,4101006,COICOP1999,03.1.2,n:1,1.0,manual_planilha,1.0,True
BRA,IPCA_SNIPC,4101008,COICOP1999,03.1.2,n:1,1.0,manual_planilha,1.0,True
BRA,IPCA_SNIPC,4101009,COICOP1999,03.1.2,n:1,1.0,manual_planilha,1.0,True
BRA,IPCA_SNIPC,4102002,COICOP1999,03.1.2,n:1,1.0,manual_planilha,1.0,True
BRA,IPCA_SNIPC,4102003,COICOP1999,03.1.2,n:1,1.0,manual_planilha,1.0,True
BRA,IPCA_SNIPC,4102004,COICOP1999,03.1.2,n:1,1.0,manual_planilha,1.0,True
BRA,IPCA_SNIPC,4102005,COICOP1999,03.1.2,n:1,1.0,manual_planilha,1.0,True
BRA,IPCA_SNIPC,4102008,COICOP1999,03.1.2,n:1,1.0,manual_planilha,1.0,True
BRA,IPCA_SNIPC,4102010,COICOP1999,03.1.2,n:1,1.0,manual_planilha,1.0,True
BRA,IPCA_SNIPC,4102013,COICOP1999,03.1.2,n:1,1.0,manual_planilha,1.0,True
BRA,IPCA_SNIPC,4103001,COICOP1999,03.1.2,n:1,1.0,manual_planilha,1.0,True
BRA,IPCA_SNIPC,4103002,COICOP1999,03.1.2,n:1,1.0,manual_planilha,1.0,True
BRA,IPCA_SNIPC,4103005,COICOP1999,03.1.2,n:1,1.0,manual_planilha,1.0,True
BRA,IPCA_SNIPC,4103007,COICOP1999,03.1.2,n:1,1.0,manual_planilha,1.0,True
BRA,IPCA_SNIPC,4103008,COICOP1999,03.1.2,n:1,1.0,manual_planilha,1.0,True
BRA,IPCA_SNIPC,4103011,COICOP1999,03.1.2,n:1,1.0,manual_planilha,1.0,True
BRA,IPCA_SNIPC,4103031,COICOP1999,03.1.2,n:1,1.0,manual_planilha,1.0,True
BRA,IPCA_SNIPC,4201002,COICOP1999,03.2.1,n:1,1.0,manual_planilha,1.0,True
BRA,IPCA_SNIPC,4201003,COICOP1999,03.2.1,n:1,1.0,manual_planilha,1.0,True
BRA,IPCA_SNIPC,4201004,COICOP1999,03.2.1,n:1,1.0,manual_planilha,1.0,True
BRA,IPCA_SNIPC,4201015,COICOP1999,12.3.2,n:1,1.0,manual_planilha,1.0,True
BRA,IPCA_SNIPC,4201040,COICOP1999,12.3.2,n:1,1.0,manual_planilha,1.0,True
BRA,IPCA_SNIPC,4201063,COICOP1999,03.2.1,n:1,1.0,manual_planilha,1.0,True
BRA,IPCA_SNIPC,4201098,COICOP1999,03.2.1,n:1,1.0,manual_planilha,1.0,True
BRA,IPCA_SNIPC,4301001,COICOP1999,12.3.1,n:1,1.0,manual_planilha,1.0,True
BRA,IPCA_SNIPC,4301002,COICOP1999,12.3.1,n:1,1.0,manual_planilha,1.0,True
BRA,IPCA_SNIPC,4301004,COICOP1999,12.3.1,n:1,1.0,manual_planilha,1.0,True
BRA,IPCA_SNIPC,4401001,COICOP1999,03.1.1,n:1,1.0,manual_planilha,1.0,True
BRA,IPCA_SNIPC,4401002,COICOP1999,03.1.3,n:1,1.0,manual_planilha,1.0,True
BRA,IPCA_SNIPC,5101001,COICOP1999,07.3.2,n:1,1.0,manual_planilha,1.0,True
BRA,IPCA_SNIPC,5101002,COICOP1999,07.3.2,n:1,1.0,manual_planilha,1.0,True
BRA,IPCA_SNIPC,5101004,COICOP1999,07.3.1,n:1,1.0,manual_planilha,1.0,True
BRA,IPCA_SNIPC,5101006,COICOP1999,07.3.2,n:1,1.0,manual_planilha,1.0,True
BRA,IPCA_SNIPC,5101007,COICOP1999,07.3.2,n:1,1.0,manual_planilha,1.0,True
BRA,IPCA_SNIPC,5101010,COICOP1999,07.3.3,n:1,1.0,manual_planilha,1.0,True
BRA,IPCA_SNIPC,5101011,COICOP1999,07.3.1,n:1,1.0,manual_planilha,1.0,True
BRA,IPCA_SNIPC,5101026,COICOP1999,07.3.2,n:1,1.0,manual_planilha,1.0,True
BRA,IPCA_SNIPC,5101051,COICOP1999,07.3.2,n:1,1.0,manual_planilha,1.0,True
BRA,IPCA_SNIPC,5101053,COICOP1999,07.3.5,n:1,1.0,manual_planilha,1.0,True
BRA,IPCA_SNIPC,5102001,COICOP1999,07.1.1,n:1,1.0,manual_planilha,1.0,True
BRA,IPCA_SNIPC,5102004,COICOP1999,07.2.4,n:1,1.0,manual_planilha,1.0,True
BRA,IPCA_SNIPC,5102005,COICOP1999,12.5.4,n:1,1.0,manual_planilha,1.0,True
BRA,IPCA_SNIPC,5102006,COICOP1999,07.2.4,n:1,1.0,manual_planilha,1.0,True
BRA,IPCA_SNIPC,5102007,COICOP1999,07.2.2,n:1,1.0,manual_planilha,1.0,True
BRA,IPCA_SNIPC,5102009,COICOP1999,07.2.1,n:1,1.0,manual_planilha,1.0,True
BRA,IPCA_SNIPC,5102010,COICOP1999,07.2.1,n:1,1.0,manual_planilha,1.0,True
BRA,IPCA_SNIPC,5102011,COICOP1999,07.2.3,n:1,1.0,manual_planilha,1.0,True
BRA,IPCA_SNIPC,5102013,COICOP1999,07.2.4,n:1,1.0,manual_planilha,1.0,True
BRA,IPCA_SNIPC,5102015,COICOP1999,07.2.4,n:1,1.0,manual_planilha,1.0,True
BRA,IPCA_SNIPC,5102020,COICOP1999,07.1.1,n:1,1.0,manual_planilha,1.0,True
BRA,IPCA_SNIPC,5102037,COICOP1999,07.2.3,n:1,1.0,manual_planilha,1.0,True
BRA,IPCA_SNIPC,5102051,COICOP1999,07.2.4,n:1,1.0,manual_planilha,1.0,True
BRA,IPCA_SNIPC,5102053,COICOP1999,07.1.2,n:1,1.0,manual_planilha,1.0,True
BRA,IPCA_SNIPC,5104001,COICOP1999,07.2.2,n:1,1.0,manual_planilha,1.0,True
BRA,IPCA_SNIPC,5104002,COICOP1999,07.2.2,n:1,1.0,manual_planilha,1.0,True
BRA,IPCA_SNIPC,5104003,COICOP1999,07.2.2,n:1,1.0,manual_planilha,1.0,True
BRA,IPCA_SNIPC,5104005,COICOP1999,07.2.2,n:1,1.0,manual_planilha,1.0,True
BRA,IPCA_SNIPC,6101001,COICOP1999,06.1.1,n:1,1.0,manual_planilha,1.0,True
BRA,IPCA_SNIPC,6101002,COICOP1999,06.1.1,n:1,1.0,manual_planilha,1.0,True
BRA,IPCA_SNIPC,6101003,COICOP1999,06.1.1,n:1,1.0,manual_planilha,1.0,True
BRA,IPCA_SNIPC,6101004,COICOP1999,06.1.1,n:1,1.0,manual_planilha,1.0,True
BRA,IPCA_SNIPC,6101006,COICOP1999,06.1.1,n:1,1.0,manual_planilha,1.0,True
BRA,IPCA_SNIPC,6101007,COICOP1999,06.1.1,n:1,1.0,manual_planilha,1.0,True
BRA,IPCA_SNIPC,6101009,COICOP1999,06.1.1,n:1,1.0,manual_planilha,1.0,True
BRA,IPCA_SNIPC,6101010,COICOP1999,06.1.1,n:1,1.0,manual_planilha,1.0,True
BRA,IPCA_SNIPC,6101011,COICOP1999,06.1.1,n:1,1.0,manual_planilha,1.0,True
BRA,IPCA_SNIPC,6101013,COICOP1999,06.1.1,n:1,1.0,manual_planilha,1.0,True
BRA,IPCA_SNIPC,6101014,COICOP1999,06.1.1,n:1,1.0,manual_planilha,1.0,True
BRA,IPCA_SNIPC,6101051,COICOP1999,06.1.1,n:1,1.0,manual_planilha,1.0,True
BRA,IPCA_SNIPC,6101064,COICOP1999,06.1.1,n:1,1.0,manual_planilha,1.0,True
BRA,IPCA_SNIPC,6101148,COICOP1999,06.1.1,n:1,1.0,manual_planilha,1.0,True
BRA,IPCA_SNIPC,6102012,COICOP1999,06.1.2,n:1,1.0,manual_planilha,1.0,True
BRA,IPCA_SNIPC,6201002,COICOP1999,06.2.1,n:1,1.0,manual_planilha,1.0,True
BRA,IPCA_SNIPC,6201003,COICOP1999,06.2.2,n:1,1.0,manual_planilha,1.0,True
BRA,IPCA_SNIPC,6201005,COICOP1999,06.2.2,n:1,1.0,manual_planilha,1.0,True
BRA,IPCA_SNIPC,6201007,COICOP1999,06.2.1,n:1,1.0,manual_planilha,1.0,True
BRA,IPCA_SNIPC,6201010,COICOP1999,06.2.1,n:1,1.0,manual_planilha,1.0,True
BRA,IPCA_SNIPC,6202003,COICOP1999,06.3.0,n:1,1.0,manual_planilha,1.0,True
BRA,IPCA_SNIPC,6202004,COICOP1999,06.3.0,n:1,1.0,manual_planilha,1.0,True
BRA,IPCA_SNIPC,6202006,COICOP1999,06.3.0,n:1,1.0,manual_planilha,1.0,True
BRA,IPCA_SNIPC,6203001,COICOP1999,12.5.3,n:1,1.0,manual_planilha,1.0,True
BRA,IPCA_SNIPC,6301001,COICOP1999,12.1.2,n:1,1.0,manual_planilha,1.0,True
BRA,IPCA_SNIPC,6301002,COICOP1999,12.1.2,n:1,1.0,manual_planilha,1.0,True
BRA,IPCA_SNIPC,6301004,COICOP1999,12.1.2,n:1,1.0,manual_planilha,1.0,True
BRA,IPCA_SNIPC,6301006,COICOP1999,12.1.2,n:1,1.0,manual_planilha,1.0,True
BRA,IPCA_SNIPC,6301007,COICOP1999,12.1.2,n:1,1.0,manual_planilha,1.0,True
BRA,IPCA_SNIPC,6301010,COICOP1999,12.1.2,n:1,1.0,manual_planilha,1.0,True
BRA,IPCA_SNIPC,6301011,COICOP1999,12.1.2,n:1,1.0,manual_planilha,1.0,True
BRA,IPCA_SNIPC,6301014,COICOP1999,12.1.2,n:1,1.0,manual_planilha,1.0,True
BRA,IPCA_SNIPC,6301015,COICOP1999,12.1.2,n:1,1.0,manual_planilha,1.0,True
BRA,IPCA_SNIPC,6301016,COICOP1999,12.1.2,n:1,1.0,manual_planilha,1.0,True
BRA,IPCA_SNIPC,6301017,COICOP1999,12.1.2,n:1,1.0,manual_planilha,1.0,True
BRA,IPCA_SNIPC,6301020,COICOP1999,12.1.2,n:1,1.0,manual_planilha,1.0,True
BRA,IPCA_SNIPC,7101001,COICOP1999,12.1.1,n:1,1.0,manual_planilha,1.0,True
BRA,IPCA_SNIPC,7101005,COICOP1999,12.1.1,n:1,1.0,manual_planilha,1.0,True
BRA,IPCA_SNIPC,7101010,COICOP1999,05.6.2,n:1,1.0,manual_planilha,1.0,True
BRA,IPCA_SNIPC,7101011,COICOP1999,12.1.1,n:1,1.0,manual_planilha,1.0,True
BRA,IPCA_SNIPC,7101014,COICOP1999,12.1.1,n:1,1.0,manual_planilha,1.0,True
BRA,IPCA_SNIPC,7101034,COICOP1999,12.7.0,n:1,1.0,manual_planilha,1.0,True
BRA,IPCA_SNIPC,7101036,COICOP1999,12.7.0,n:1,1.0,manual_planilha,1.0,True
BRA,IPCA_SNIPC,7101076,COICOP1999,12.6.2,n:1,1.0,manual_planilha,1.0,True
BRA,IPCA_SNIPC,7101090,COICOP1999,12.7.0,n:1,1.0,manual_planilha,1.0,True
BRA,IPCA_SNIPC,7101144,COICOP1999,12.1.1,n:1,1.0,manual_planilha,1.0,True
BRA,IPCA_SNIPC,7201006,COICOP1999,09.4.1,n:1,1.0,manual_planilha,1.0,True
BRA,IPCA_SNIPC,7201010,COICOP1999,09.2.1,n:1,1.0,manual_planilha,1.0,True
BRA,IPCA_SNIPC,7201015,COICOP1999,09.3.4/5,n:1,1.0,manual_planilha,1.0,True
BRA,IPCA_SNIPC,7201019,COICOP1999,07.1.2,n:1,1.0,manual_planilha,1.0,True
BRA,IPCA_SNIPC,7201020,COICOP1999,09.3.4/5,n:1,1.0,manual_planilha,1.0,True
BRA,IPCA_SNIPC,7201023,COICOP1999,09.3.1,n:1,1.0,manual_planilha,1.0,True
BRA,IPCA_SNIPC,7201054,COICOP1999,09.4.2,n:1,1.0,manual_planilha,1.0,True
BRA,IPCA_SNIPC,7201063,COICOP1999,09.3.1,n:1,1.0,manual_planilha,1.0,True
BRA,IPCA_SNIPC,7201067,COICOP1999,09.3.2,n:1,1.0,manual_planilha,1.0,True
BRA,IPCA_SNIPC,7201090,COICOP1999,11.2.0,n:1,1.0,manual_planilha,1.0,True
BRA,IPCA_SNIPC,7201095,COICOP1999,09.6.0,n:1,1.0,manual_planilha,1.0,True
BRA,IPCA_SNIPC,7201256,COICOP1999,09.3.4/5,n:1,1.0,manual_planilha,1.0,True
BRA,IPCA_SNIPC,7201266,COICOP1999,09.4.2,n:1,1.0,manual_planilha,1.0,True
BRA,IPCA_SNIPC,7202041,COICOP1999,02.2.0,n:1,1.0,manual_planilha,1.0,True
BRA,IPCA_SNIPC,8101001,COICOP1999,12.4.0,n:1,1.0,manual_planilha,1.0,True
BRA,IPCA_SNIPC,8101002,COICOP1999,10.1.0,n:1,1.0,manual_planilha,1.0,True
BRA,IPCA_SNIPC,8101003,COICOP1999,10.1.0,n:1,1.0,manual_planilha,1.0,True
BRA,IPCA_SNIPC,8101004,COICOP1999,10.1.0,n:1,1.0,manual_planilha,1.0,True
BRA,IPCA_SNIPC,8101005,COICOP1999,10.1.0,n:1,1.0,manual_planilha,1.0,True
BRA,IPCA_SNIPC,8101006,COICOP1999,10.1.0,n:1,1.0,manual_planilha,1.0,True
BRA,IPCA_SNIPC,8101008,COICOP1999,10.1.0,n:1,1.0,manual_planilha,1.0,True
BRA,IPCA_SNIPC,8101045,COICOP1999,10.1.0,n:1,1.0,manual_planilha,1.0,True
BRA,IPCA_SNIPC,8102001,COICOP1999,09.5.2,n:1,1.0,manual_planilha,1.0,True
BRA,IPCA_SNIPC,8102004,COICOP1999,09.5.2,n:1,1.0,manual_planilha,1.0,True
BRA,IPCA_SNIPC,8102007,COICOP1999,09.5.1,n:1,1.0,manual_planilha,1.0,True
BRA,IPCA_SNIPC,8102008,COICOP1999,09.5.1,n:1,1.0,manual_planilha,1.0,True
BRA,IPCA_SNIPC,8103001,COICOP1999,09.5.3,n:1,1.0,manual_planilha,1.0,True
BRA,IPCA_SNIPC,8103014,COICOP1999,09.5.3,n:1,1.0,manual_planilha,1.0,True
BRA,IPCA_SNIPC,8104001,COICOP1999,10.1.0,n:1,1.0,manual_planilha,1.0,True
BRA,IPCA_SNIPC,8104003,COICOP1999,10.1.0,n:1,1.0,manual_planilha,1.0,True
BRA,IPCA_SNIPC,8104004,COICOP1999,10.1.0,n:1,1.0,manual_planilha,1.0,True
BRA,IPCA_SNIPC,8104005,COICOP1999,07.2.4,n:1,1.0,manual_planilha,1.0,True
BRA,IPCA_SNIPC,8104006,COICOP1999,09.4.1,n:1,1.0,manual_planilha,1.0,True
BRA,IPCA_SNIPC,9101001,COICOP1999,08.1.0,n:1,1.0,manual_planilha,1.0,True
BRA,IPCA_SNIPC,9101002,COICOP1999,08.2.0,n:1,1.0,manual_planilha,1.0,True
BRA,IPCA_SNIPC,9101008,COICOP1999,08.2.0,n:1,1.0,manual_planilha,1.0,True
BRA,IPCA_SNIPC,9101010,COICOP1999,09.4.2,n:1,1.0,manual_planilha,1.0,True
BRA,IPCA_SNIPC,9101018,COICOP1999,08.2.0,n:1,1.0,manual_planilha,1.0,True
BRA,IPCA_SNIPC,9101019,COICOP1999,08.2.0,n:1,1.0,manual_planilha,1.0,True
BRA,IPCA_SNIPC,9101115,COICOP1999,09.4.2,n:1,1.0,manual_planilha,1.0,True
BRA,IPCA_SNIPC,9101116,COICOP1999,08.2.0,n:1,1.0,manual_planilha,1.0,True
