codigo,grupo,item_cod,item,subitem,peso,coicop,nivel_gabarito
11111,ALIMENTOS Y BEBIDAS NO ALCOHÓLICAS,1111,ARROZ,ARROZ,0.22304,01.1.1,3
11121,ALIMENTOS Y BEBIDAS NO ALCOHÓLICAS,1112,HARINA DE CEREALES,HARINA DE TRIGO,0.10111,01.1.1,3
11122,ALIMENTOS Y BEBIDAS NO ALCOHÓLICAS,1112,HARINA DE CEREALES,HARINA DE OTROS CEREALES,0.0369,01.1.1,3
11131,ALIMENTOS Y BEBIDAS NO ALCOHÓLICAS,1113,PAN Y PRODUCTOS DE PANADERÍA,PAN,2.21583,01.1.1,3
11132,ALIMENTOS Y BEBIDAS NO ALCOHÓLICAS,1113,PAN Y PRODUCTOS DE PANADERÍA,PRODUCTOS DE REPOSTERÍA,0.62508,01.1.1,3
11133,ALIMENTOS Y BEBIDAS NO ALCOHÓLICAS,1113,PAN Y PRODUCTOS DE PANADERÍA,GALLETAS,0.44886,01.1.1,3
11134,ALIMENTOS Y BEBIDAS NO ALCOHÓLICAS,1113,PAN Y PRODUCTOS DE PANADERÍA,MASAS SALADAS PREPARADAS,0.07196,01.1.1,3
11141,ALIMENTOS Y BEBIDAS NO ALCOHÓLICAS,1114,CEREALES PARA EL DESAYUNO,CEREALES PARA EL DESAYUNO,0.1617,01.1.1,3
11151,ALIMENTOS Y BEBIDAS NO ALCOHÓLICAS,1115,PASTAS,PASTAS,0.25987,01.1.1,3
11161,ALIMENTOS Y BEBIDAS NO ALCOHÓLICAS,1116,SNACKS,SNACKS,0.14982,01.1.1,3
11211,ALIMENTOS Y BEBIDAS NO ALCOHÓLICAS,1121,"CARNE FRESCA, REFRIGERADA O CONGELADA",CARNE DE VACUNO,2.13465,01.1.2,3
11212,ALIMENTOS Y BEBIDAS NO ALCOHÓLICAS,1121,"CARNE FRESCA, REFRIGERADA O CONGELADA",CARNE DE POLLO,1.0303,01.1.2,3
11213,ALIMENTOS Y BEBIDAS NO ALCOHÓLICAS,1121,"CARNE FRESCA, REFRIGERADA O CONGELADA",CARNE DE CERDO,0.50492,01.1.2,3
11214,ALIMENTOS Y BEBIDAS NO ALCOHÓLICAS,1121,"CARNE FRESCA, REFRIGERADA O CONGELADA",CARNE DE PAVO,0.06113,01.1.2,3
11221,ALIMENTOS Y BEBIDAS NO ALCOHÓLICAS,1122,CARNES PROCESADAS,CECINAS,1.07909,01.1.2,3
11222,ALIMENTOS Y BEBIDAS NO ALCOHÓLICAS,1122,CARNES PROCESADAS,HAMBURGUESAS,0.10511,01.1.2,3
11223,ALIMENTOS Y BEBIDAS NO ALCOHÓLICAS,1122,CARNES PROCESADAS,CARNES APANADAS,0.03914,01.1.2,3
11311,ALIMENTOS Y BEBIDAS NO ALCOHÓLICAS,1131,PESCADOS FRESCOS O REFRIGERADOS,PESCADOS FRESCOS O REFRIGERADOS,0.36037,01.1.3,3
11321,ALIMENTOS Y BEBIDAS NO ALCOHÓLICAS,1132,PESCADOS EN CONSERVA,PESCADOS EN CONSERVA,0.25749,01.1.3,3
11331,ALIMENTOS Y BEBIDAS NO ALCOHÓLICAS,1133,MARISCOS FRESCOS O REFRIGERADOS,MARISCOS FRESCOS O REFRIGERADOS,0.10311,01.1.3,3
11341,ALIMENTOS Y BEBIDAS NO ALCOHÓLICAS,1134,MARISCOS EN CONSERVA,MARISCOS EN CONSERVA,0.02904,01.1.3,3
11411,ALIMENTOS Y BEBIDAS NO ALCOHÓLICAS,1141,LECHE LÍQUIDA,LECHE LÍQUIDA,0.36921,01.1.4,3
11421,ALIMENTOS Y BEBIDAS NO ALCOHÓLICAS,1142,OTRAS LECHES Y CREMAS,LECHE EN POLVO,0.13892,01.1.4,3
11422,ALIMENTOS Y BEBIDAS NO ALCOHÓLICAS,1142,OTRAS LECHES Y CREMAS,CREMAS Y LECHES CONSERVADAS,0.1023,01.1.4,3
11431,ALIMENTOS Y BEBIDAS NO ALCOHÓLICAS,1143,BEBIDAS VEGETALES,BEBIDAS VEGETALES,0.02403,01.1.4,3
11441,ALIMENTOS Y BEBIDAS NO ALCOHÓLICAS,1144,QUESOS,QUESOS,0.99125,01.1.4,3
11451,ALIMENTOS Y BEBIDAS NO ALCOHÓLICAS,1145,YOGURES Y PRODUCTOS SIMILARES,YOGURES Y PRODUCTOS SIMILARES,0.33643,01.1.4,3
11461,ALIMENTOS Y BEBIDAS NO ALCOHÓLICAS,1146,POSTRES LÁCTEOS,POSTRES LÁCTEOS,0.22855,01.1.4,3
11471,ALIMENTOS Y BEBIDAS NO ALCOHÓLICAS,1147,HUEVOS,HUEVOS,0.47199,01.1.4,3
11511,ALIMENTOS Y BEBIDAS NO ALCOHÓLICAS,1151,ACEITES VEGETALES,ACEITE VEGETAL Y DE MARAVILLA,0.31637,01.1.5,3
11512,ALIMENTOS Y BEBIDAS NO ALCOHÓLICAS,1151,ACEITES VEGETALES,ACEITE DE OLIVA,0.06744,01.1.5,3
11521,ALIMENTOS Y BEBIDAS NO ALCOHÓLICAS,1152,MANTEQUILLA,MANTEQUILLA,0.20964,01.1.5,3
11531,ALIMENTOS Y BEBIDAS NO ALCOHÓLICAS,1153,MARGARINA,MARGARINA,0.07009,01.1.5,3
11611,ALIMENTOS Y BEBIDAS NO ALCOHÓLICAS,1161,FRUTAS FRESCAS,PALTAS,0.44206,01.1.6,3
11612,ALIMENTOS Y BEBIDAS NO ALCOHÓLICAS,1161,FRUTAS FRESCAS,FRUTAS DE ESTACIÓN,0.39019,01.1.6,3
11613,ALIMENTOS Y BEBIDAS NO ALCOHÓLICAS,1161,FRUTAS FRESCAS,PLÁTANOS,0.20535,01.1.6,3
11614,ALIMENTOS Y BEBIDAS NO ALCOHÓLICAS,1161,FRUTAS FRESCAS,LIMONES,0.15015,01.1.6,3
11615,ALIMENTOS Y BEBIDAS NO ALCOHÓLICAS,1161,FRUTAS FRESCAS,NARANJAS,0.12263,01.1.6,3
11616,ALIMENTOS Y BEBIDAS NO ALCOHÓLICAS,1161,FRUTAS FRESCAS,MANZANAS,0.11352,01.1.6,3
11617,ALIMENTOS Y BEBIDAS NO ALCOHÓLICAS,1161,FRUTAS FRESCAS,PERAS,0.02868,01.1.6,3
11621,ALIMENTOS Y BEBIDAS NO ALCOHÓLICAS,1162,FRUTOS SECOS,FRUTOS SECOS,0.14506,01.1.6,3
11631,ALIMENTOS Y BEBIDAS NO ALCOHÓLICAS,1163,FRUTAS PRESERVADAS,FRUTAS PRESERVADAS,0.02926,01.1.6,3
11711,ALIMENTOS Y BEBIDAS NO ALCOHÓLICAS,1171,HORTALIZAS Y LEGUMINOSAS,VERDURAS DE ESTACIÓN,0.41119,01.1.7,3
11712,ALIMENTOS Y BEBIDAS NO ALCOHÓLICAS,1171,HORTALIZAS Y LEGUMINOSAS,TOMATES,0.33514,01.1.7,3
11713,ALIMENTOS Y BEBIDAS NO ALCOHÓLICAS,1171,HORTALIZAS Y LEGUMINOSAS,LECHUGAS,0.18525,01.1.7,3
11714,ALIMENTOS Y BEBIDAS NO ALCOHÓLICAS,1171,HORTALIZAS Y LEGUMINOSAS,CEBOLLAS Y CEBOLLINES,0.14496,01.1.7,3
11715,ALIMENTOS Y BEBIDAS NO ALCOHÓLICAS,1171,HORTALIZAS Y LEGUMINOSAS,ZAPALLOS,0.09399,01.1.7,3
11716,ALIMENTOS Y BEBIDAS NO ALCOHÓLICAS,1171,HORTALIZAS Y LEGUMINOSAS,ZANAHORIAS,0.08344,01.1.7,3
11717,ALIMENTOS Y BEBIDAS NO ALCOHÓLICAS,1171,HORTALIZAS Y LEGUMINOSAS,PIMIENTOS MORRONES,0.07618,01.1.7,3
11718,ALIMENTOS Y BEBIDAS NO ALCOHÓLICAS,1171,HORTALIZAS Y LEGUMINOSAS,ZAPALLOS ITALIANOS,0.03757,01.1.7,3
11721,ALIMENTOS Y BEBIDAS NO ALCOHÓLICAS,1172,PAPAS,PAPAS,0.38981,01.1.7,3
11731,ALIMENTOS Y BEBIDAS NO ALCOHÓLICAS,1173,LEGUMBRES SECAS,LEGUMBRES SECAS,0.12616,01.1.7,3
11741,ALIMENTOS Y BEBIDAS NO ALCOHÓLICAS,1174,VERDURAS CONGELADAS,VERDURAS CONGELADAS,0.12297,01.1.7,3
11751,ALIMENTOS Y BEBIDAS NO ALCOHÓLICAS,1175,OTRAS PREPARACIONES DE VEGETALES,PAPAS FRITAS,0.15577,01.1.7,3
11752,ALIMENTOS Y BEBIDAS NO ALCOHÓLICAS,1175,OTRAS PREPARACIONES DE VEGETALES,VERDURAS ENCURTIDAS,0.07432,01.1.7,3
11753,ALIMENTOS Y BEBIDAS NO ALCOHÓLICAS,1175,OTRAS PREPARACIONES DE VEGETALES,PAPAS CONGELADAS Y DESHIDRATADAS,0.07302,01.1.7,3
11754,ALIMENTOS Y BEBIDAS NO ALCOHÓLICAS,1175,OTRAS PREPARACIONES DE VEGETALES,HORTALIZAS EN CONSERVA,0.05416,01.1.7,3
11755,ALIMENTOS Y BEBIDAS NO ALCOHÓLICAS,1175,OTRAS PREPARACIONES DE VEGETALES,SUSTITUTOS VEGETALES DE CARNE,0.03214,01.1.7,3
11811,ALIMENTOS Y BEBIDAS NO ALCOHÓLICAS,1181,AZÚCAR,AZÚCAR,0.12692,01.1.8,3
11821,ALIMENTOS Y BEBIDAS NO ALCOHÓLICAS,1182,ENDULZANTES,ENDULZANTES,0.05791,01.1.8,3
11831,ALIMENTOS Y BEBIDAS NO ALCOHÓLICAS,1183,MERMELADAS Y POSTRES NO LÁCTEOS,MERMELADAS,0.09165,01.1.8,3
11832,ALIMENTOS Y BEBIDAS NO ALCOHÓLICAS,1183,MERMELADAS Y POSTRES NO LÁCTEOS,POSTRES NO LÁCTEOS,0.0611,01.1.8,3
11841,ALIMENTOS Y BEBIDAS NO ALCOHÓLICAS,1184,CHOCOLATES,CHOCOLATES,0.35149,01.1.8,3
11851,ALIMENTOS Y BEBIDAS NO ALCOHÓLICAS,1185,HELADOS,HELADOS,0.25666,01.1.8,3
11861,ALIMENTOS Y BEBIDAS NO ALCOHÓLICAS,1186,CARAMELOS Y GOMAS DE MASCAR,CARAMELOS Y GOMAS DE MASCAR,0.14437,01.1.8,3
11911,ALIMENTOS Y BEBIDAS NO ALCOHÓLICAS,1191,PLATOS PREPARADOS ADQUIRIDOS EN TIENDAS Y SUPERMERCADOS,PLATOS PREPARADOS ADQUIRIDOS EN TIENDAS Y SUPERMERCADOS,0.66987,01.1.9,3
11921,ALIMENTOS Y BEBIDAS NO ALCOHÓLICAS,1192,ALIMENTOS PARA BEBÉ,ALIMENTOS PARA BEBÉ,0.07593,01.1.9,3
11931,ALIMENTOS Y BEBIDAS NO ALCOHÓLICAS,1193,"ADEREZOS, SALSAS DE TOMATE Y SAL",ADEREZOS,0.24924,01.1.9,3
11932,ALIMENTOS Y BEBIDAS NO ALCOHÓLICAS,1193,"ADEREZOS, SALSAS DE TOMATE Y SAL",SALSAS DE TOMATE,0.1046,01.1.9,3
11933,ALIMENTOS Y BEBIDAS NO ALCOHÓLICAS,1193,"ADEREZOS, SALSAS DE TOMATE Y SAL",SAL,0.02449,01.1.9,3
11941,ALIMENTOS Y BEBIDAS NO ALCOHÓLICAS,1194,ALIÑOS,ALIÑOS,0.10145,01.1.9,3
11951,ALIMENTOS Y BEBIDAS NO ALCOHÓLICAS,1195,OTROS PRODUCTOS ALIMENTICIOS,SUPLEMENTOS ALIMENTICIOS Y NUTRICIONALES,0.12902,01.1.9,3
11952,ALIMENTOS Y BEBIDAS NO ALCOHÓLICAS,1195,OTROS PRODUCTOS ALIMENTICIOS,SOPAS Y CREMAS,0.07266,01.1.9,3
11953,ALIMENTOS Y BEBIDAS NO ALCOHÓLICAS,1195,OTROS PRODUCTOS ALIMENTICIOS,MANJAR Y DULCES UNTABLES,0.04763,01.1.9,3
12111,ALIMENTOS Y BEBIDAS NO ALCOHÓLICAS,1211,JUGOS,JUGOS LÍQUIDOS,0.31511,01.2,2
12112,ALIMENTOS Y BEBIDAS NO ALCOHÓLICAS,1211,JUGOS,JUGOS EN POLVO,0.06448,01.2,2
12211,ALIMENTOS Y BEBIDAS NO ALCOHÓLICAS,1221,CAFÉ Y SUCEDÁNEOS,CAFÉ Y SUCEDÁNEOS,0.21962,01.2.1,3
12311,ALIMENTOS Y BEBIDAS NO ALCOHÓLICAS,1231,TÉ,TÉ,0.18816,01.2.1,3
12411,ALIMENTOS Y BEBIDAS NO ALCOHÓLICAS,1241,AGUA EMBOTELLADA,AGUA EMBOTELLADA,0.29368,01.2.2,3
12511,ALIMENTOS Y BEBIDAS NO ALCOHÓLICAS,1251,BEBIDAS GASEOSAS,BEBIDAS GASEOSAS,0.96972,01.2.2,3
12612,ALIMENTOS Y BEBIDAS NO ALCOHÓLICAS,1261,OTRAS BEBIDAS NO ALCOHÓLICAS,OTRAS BEBIDAS NO ALCOHÓLICAS,0.19001,01.2,2
21111,BEBIDAS ALCOHÓLICAS Y TABACO,2111,DESTILADOS,OTROS DESTILADOS,0.28439,02.1.1,3
21112,BEBIDAS ALCOHÓLICAS Y TABACO,2111,DESTILADOS,PISCOS,0.15771,02.1.1,3
21211,BEBIDAS ALCOHÓLICAS Y TABACO,2121,VINOS,VINOS,0.87882,02.1.2,3
21311,BEBIDAS ALCOHÓLICAS Y TABACO,2131,CERVEZAS,CERVEZAS,1.16859,02.1.3,3
21411,BEBIDAS ALCOHÓLICAS Y TABACO,2141,CÓCTELES Y LICORES,CÓCTELES Y LICORES,0.09777,02.1.1,3
22111,BEBIDAS ALCOHÓLICAS Y TABACO,2211,CIGARRILLOS,CIGARRILLOS,1.09397,02.2.0,3
31111,VESTUARIO Y CALZADO,3111,VESTUARIO PARA HOMBRES,PANTALONES PARA HOMBRE,0.23362,03.1,2
31112,VESTUARIO Y CALZADO,3111,VESTUARIO PARA HOMBRES,CAMISAS Y POLERAS PARA HOMBRE,0.20592,03.1,2
31113,VESTUARIO Y CALZADO,3111,VESTUARIO PARA HOMBRES,ROPA DE ABRIGO PARA HOMBRE,0.1666,03.1,2
31114,VESTUARIO Y CALZADO,3111,VESTUARIO PARA HOMBRES,ROPA INTERIOR Y DE DORMIR PARA HOMBRE,0.04681,03.1,2
31121,VESTUARIO Y CALZADO,3112,VESTUARIO PARA MUJERES,"PANTALONES, FALDAS Y VESTIDOS PARA MUJER",0.25794,03.1,2
31122,VESTUARIO Y CALZADO,3112,VESTUARIO PARA MUJERES,ROPA DE ABRIGO PARA MUJER,0.16703,03.1,2
31123,VESTUARIO Y CALZADO,3112,VESTUARIO PARA MUJERES,BLUSAS Y POLERAS PARA MUJER,0.12927,03.1,2
31124,VESTUARIO Y CALZADO,3112,VESTUARIO PARA MUJERES,"ROPA INTERIOR, DE BAÑO Y DE DORMIR PARA MUJER",0.08259,03.1,2
31131,VESTUARIO Y CALZADO,3113,VESTUARIO INFANTIL,"PANTALONES, FALDAS Y VESTIDOS INFANTILES",0.09686,03.1,2
31132,VESTUARIO Y CALZADO,3113,VESTUARIO INFANTIL,POLERAS INFANTILES,0.06844,03.1,2
31133,VESTUARIO Y CALZADO,3113,VESTUARIO INFANTIL,ROPA DE ABRIGO INFANTIL,0.06459,03.1,2
31134,VESTUARIO Y CALZADO,3113,VESTUARIO INFANTIL,"ROPA INTERIOR, DE BAÑO Y DE DORMIR INFANTIL",0.03401,03.1,2
31141,VESTUARIO Y CALZADO,3114,VESTUARIO PARA LACTANTES,VESTUARIO PARA LACTANTES,0.02419,03.1,2
31151,VESTUARIO Y CALZADO,3115,VESTUARIO ESCOLAR,VESTUARIO ESCOLAR,0.17934,03.1,2
31211,VESTUARIO Y CALZADO,3121,ACCESORIOS DE VESTIR,ACCESORIOS DE VESTIR,0.10312,03.1.2,3
31311,VESTUARIO Y CALZADO,3131,SERVICIOS DE LIMPIEZA Y REPARACIÓN DE VESTUARIO,SERVICIOS DE LIMPIEZA Y REPARACIÓN DE VESTUARIO,0.02911,03.1.4,3
32111,VESTUARIO Y CALZADO,3211,CALZADO PARA HOMBRES,ZAPATILLAS PARA HOMBRE,0.27643,03.2.1,3
32112,VESTUARIO Y CALZADO,3211,CALZADO PARA HOMBRES,ZAPATOS PARA HOMBRE,0.11038,03.2.1,3
32121,VESTUARIO Y CALZADO,3212,CALZADO PARA MUJERES,ZAPATILLAS PARA MUJER,0.19985,03.2.1,3
32122,VESTUARIO Y CALZADO,3212,CALZADO PARA MUJERES,CALZADO DE ESTACIÓN PARA MUJER,0.09881,03.2.1,3
32123,VESTUARIO Y CALZADO,3212,CALZADO PARA MUJERES,ZAPATOS PARA MUJER,0.08496,03.2.1,3
32131,VESTUARIO Y CALZADO,3213,CALZADO INFANTIL,ZAPATILLAS INFANTILES,0.19016,03.2.1,3
32132,VESTUARIO Y CALZADO,3213,CALZADO INFANTIL,CALZADO DE ESTACIÓN INFANTIL,0.05037,03.2.1,3
41111,VIVIENDA Y SERVICIOS BÁSICOS,4111,ARRIENDO,ARRIENDO,7.20402,04.1.1,3
42111,VIVIENDA Y SERVICIOS BÁSICOS,4211,MATERIALES PARA EL MANTENIMIENTO DE LA VIVIENDA,MATERIALES PARA LA REPARACIÓN DE LA VIVIENDA,0.44338,04.3.1,3
42112,VIVIENDA Y SERVICIOS BÁSICOS,4211,MATERIALES PARA EL MANTENIMIENTO DE LA VIVIENDA,PINTURAS Y BARNICES,0.15045,04.3.1,3
42113,VIVIENDA Y SERVICIOS BÁSICOS,4211,MATERIALES PARA EL MANTENIMIENTO DE LA VIVIENDA,GRIFERIA Y ACCESORIOS,0.09858,04.3.1,3
42114,VIVIENDA Y SERVICIOS BÁSICOS,4211,MATERIALES PARA EL MANTENIMIENTO DE LA VIVIENDA,SELLANTES Y PEGAMENTOS,0.09208,04.3.1,3
42211,VIVIENDA Y SERVICIOS BÁSICOS,4221,SERVICIOS PARA EL MANTENIMIENTO DE LA VIVIENDA,SERVICIOS PARA EL MANTENIMIENTO DE LA VIVIENDA,1.03569,04.3.2,3
42212,VIVIENDA Y SERVICIOS BÁSICOS,4221,SERVICIOS PARA EL MANTENIMIENTO DE LA VIVIENDA,SERVICIOS DE ALARMA PARA LA VIVIENDA,0.06918,04.3.2,3
43111,VIVIENDA Y SERVICIOS BÁSICOS,4311,SUMINISTRO DE AGUA,SUMINISTRO DE AGUA,1.4934,04.4.1,3
43211,VIVIENDA Y SERVICIOS BÁSICOS,4321,SERVICIO DE RETIRO DE BASURA,SERVICIO DE RETIRO DE BASURA,0.11045,04.4.2,3
43311,VIVIENDA Y SERVICIOS BÁSICOS,4331,GASTOS COMUNES,GASTOS COMUNES,1.35627,04.4.4,3
44111,VIVIENDA Y SERVICIOS BÁSICOS,4411,SUMINISTRO DE ELECTRICIDAD,SUMINISTRO DE ELECTRICIDAD,2.20959,04.5.1,3
44211,VIVIENDA Y SERVICIOS BÁSICOS,4421,GAS POR RED,GAS POR RED,0.61726,04.5.2,3
44221,VIVIENDA Y SERVICIOS BÁSICOS,4422,GAS LICUADO,GAS LICUADO,1.37603,04.5.2,3
44311,VIVIENDA Y SERVICIOS BÁSICOS,4431,PARAFINA,PARAFINA,0.19404,04.5.4,3
44411,VIVIENDA Y SERVICIOS BÁSICOS,4441,OTROS COMBUSTIBLES DE USO DOMÉSTICO,OTROS COMBUSTIBLES DE USO DOMÉSTICO,0.3129,04.5.3,3
51111,EQUIPAMIENTO Y MANTENCIÓN DEL HOGAR,5111,MUEBLES PARA EL HOGAR,CAMAS,0.29902,05.1.1,3
51112,EQUIPAMIENTO Y MANTENCIÓN DEL HOGAR,5111,MUEBLES PARA EL HOGAR,MUEBLES PARA LIVING,0.29349,05.1.1,3
51113,EQUIPAMIENTO Y MANTENCIÓN DEL HOGAR,5111,MUEBLES PARA EL HOGAR,MUEBLES PARA COCINA,0.13524,05.1.1,3
51114,EQUIPAMIENTO Y MANTENCIÓN DEL HOGAR,5111,MUEBLES PARA EL HOGAR,MUEBLES PARA COMEDOR,0.11506,05.1.1,3
51115,EQUIPAMIENTO Y MANTENCIÓN DEL HOGAR,5111,MUEBLES PARA EL HOGAR,COLCHONES,0.07208,05.1.1,3
51116,EQUIPAMIENTO Y MANTENCIÓN DEL HOGAR,5111,MUEBLES PARA EL HOGAR,MUEBLES PARA ESCRITORIO,0.03738,05.1.1,3
51121,EQUIPAMIENTO Y MANTENCIÓN DEL HOGAR,5112,MUEBLES PARA JARDÍN Y EXTERIORES,MUEBLES PARA JARDÍN Y EXTERIORES,0.02552,05.1.1,3
51131,EQUIPAMIENTO Y MANTENCIÓN DEL HOGAR,5113,ARTÍCULOS ORNAMENTALES,ARTÍCULOS ORNAMENTALES,0.09439,05.1.1,3
51211,EQUIPAMIENTO Y MANTENCIÓN DEL HOGAR,5121,REPARACIÓN DE MUEBLES,REPARACIÓN DE MUEBLES,0.02133,05.1.3,3
52111,EQUIPAMIENTO Y MANTENCIÓN DEL HOGAR,5211,TEXTILES PARA LIVING Y COMEDOR,TEXTILES PARA LIVING Y COMEDOR,0.05311,05.2.0,3
52121,EQUIPAMIENTO Y MANTENCIÓN DEL HOGAR,5212,TEXTILES PARA CAMA,TEXTILES PARA CAMA,0.14606,05.2.0,3
52131,EQUIPAMIENTO Y MANTENCIÓN DEL HOGAR,5213,TEXTILES PARA BAÑO Y COCINA,TEXTILES PARA BAÑO Y COCINA,0.08085,05.2.0,3
53111,EQUIPAMIENTO Y MANTENCIÓN DEL HOGAR,5311,LÍNEA BLANCA,REFRIGERADORES,0.30881,05.3.1,3
53112,EQUIPAMIENTO Y MANTENCIÓN DEL HOGAR,5311,LÍNEA BLANCA,COCINAS,0.09,05.3.1,3
53113,EQUIPAMIENTO Y MANTENCIÓN DEL HOGAR,5311,LÍNEA BLANCA,HORNOS ELÉCTRICOS Y MICROONDAS,0.08124,05.3.1,3
53121,EQUIPAMIENTO Y MANTENCIÓN DEL HOGAR,5312,LAVADORAS,LAVADORAS,0.22099,05.3.1,3
53131,EQUIPAMIENTO Y MANTENCIÓN DEL HOGAR,5313,ARTÍCULOS PARA CALEFACCIÓN DEL HOGAR Y CALEFÓN,ARTÍCULOS PARA CALEFACCIÓN DEL HOGAR,0.08928,05.3.1,3
53132,EQUIPAMIENTO Y MANTENCIÓN DEL HOGAR,5313,ARTÍCULOS PARA CALEFACCIÓN DEL HOGAR Y CALEFÓN,CALEFÓN,0.04098,05.3.1,3
53141,EQUIPAMIENTO Y MANTENCIÓN DEL HOGAR,5314,ASPIRADORAS,ASPIRADORAS,0.03154,05.3.1,3
53151,EQUIPAMIENTO Y MANTENCIÓN DEL HOGAR,5315,OTROS ARTEFACTOS GRANDES PARA EL HOGAR,OTROS ARTEFACTOS GRANDES PARA EL HOGAR,0.03655,05.3.1,3
53211,EQUIPAMIENTO Y MANTENCIÓN DEL HOGAR,5321,ELECTRODOMÉSTICOS PEQUEÑOS DE COCINA,ELECTRODOMÉSTICOS PEQUEÑOS DE COCINA,0.29236,05.3.1,3
53311,EQUIPAMIENTO Y MANTENCIÓN DEL HOGAR,5331,REPARACIÓN DE ARTEFACTOS PARA EL HOGAR,REPARACIÓN DE ARTEFACTOS PARA EL HOGAR,0.05849,05.3.3,3
54111,EQUIPAMIENTO Y MANTENCIÓN DEL HOGAR,5411,VAJILLA,VAJILLA,0.09582,05.4.0,3
54121,EQUIPAMIENTO Y MANTENCIÓN DEL HOGAR,5412,UTENSILIOS DE COCINA,UTENSILIOS DE COCINA,0.18595,05.4.0,3
55111,EQUIPAMIENTO Y MANTENCIÓN DEL HOGAR,5511,HERRAMIENTAS ELÉCTRICAS Y ACCESORIOS,HERRAMIENTAS ELÉCTRICAS Y ACCESORIOS,0.0755,05.5.1,3
55211,EQUIPAMIENTO Y MANTENCIÓN DEL HOGAR,5521,HERRAMIENTAS MANUALES Y ACCESORIOS,HERRAMIENTAS MANUALES Y ACCESORIOS,0.03201,05.5.1,3
55221,EQUIPAMIENTO Y MANTENCIÓN DEL HOGAR,5522,PEQUEÑOS ACCESORIOS ELÉCTRICOS,PEQUEÑOS ACCESORIOS ELÉCTRICOS,0.07559,05.5.1,3
56111,EQUIPAMIENTO Y MANTENCIÓN DEL HOGAR,5611,PRODUCTOS DE LIMPIEZA PARA EL HOGAR,DETERGENTES Y SUAVIZANTES PARA ROPA,0.40363,05.6.1,3
56112,EQUIPAMIENTO Y MANTENCIÓN DEL HOGAR,5611,PRODUCTOS DE LIMPIEZA PARA EL HOGAR,DESINFECTANTES,0.14487,05.6.1,3
56113,EQUIPAMIENTO Y MANTENCIÓN DEL HOGAR,5611,PRODUCTOS DE LIMPIEZA PARA EL HOGAR,ARTÍCULOS DE LIMPIEZA,0.10267,05.6.1,3
56114,EQUIPAMIENTO Y MANTENCIÓN DEL HOGAR,5611,PRODUCTOS DE LIMPIEZA PARA EL HOGAR,LIMPIADORES MULTIUSO,0.10071,05.6.1,3
56115,EQUIPAMIENTO Y MANTENCIÓN DEL HOGAR,5611,PRODUCTOS DE LIMPIEZA PARA EL HOGAR,LAVALOZAS,0.07099,05.6.1,3
56121,EQUIPAMIENTO Y MANTENCIÓN DEL HOGAR,5612,OTROS BIENES NO DURABLES PARA EL HOGAR,SERVILLETAS Y TOALLAS DE PAPEL,0.22898,05.6.1,3
56122,EQUIPAMIENTO Y MANTENCIÓN DEL HOGAR,5612,OTROS BIENES NO DURABLES PARA EL HOGAR,BOLSAS PLÁSTICAS,0.12097,05.6.1,3
56123,EQUIPAMIENTO Y MANTENCIÓN DEL HOGAR,5612,OTROS BIENES NO DURABLES PARA EL HOGAR,AROMATIZADORES,0.09572,05.6.1,3
56124,EQUIPAMIENTO Y MANTENCIÓN DEL HOGAR,5612,OTROS BIENES NO DURABLES PARA EL HOGAR,CLAVOS Y TORNILLOS,0.04802,05.6.1,3
56125,EQUIPAMIENTO Y MANTENCIÓN DEL HOGAR,5612,OTROS BIENES NO DURABLES PARA EL HOGAR,INSECTICIDAS,0.04275,05.6.1,3
56211,EQUIPAMIENTO Y MANTENCIÓN DEL HOGAR,5621,SERVICIO DOMÉSTICO,SERVICIO DOMÉSTICO,1.73788,05.6.2,3
61111,SALUD,6111,MEDICAMENTOS,MEDICAMENTOS PARA EL APARATO DIGESTIVO Y METABÓLICO,0.58323,06.1.1,3
61112,SALUD,6111,MEDICAMENTOS,MEDICAMENTOS PARA EL SISTEMA NERVIOSO CENTRAL,0.48344,06.1.1,3
61113,SALUD,6111,MEDICAMENTOS,MEDICAMENTOS PARA EL SISTEMA GENITO-URINARIO Y HORMONAS,0.30867,06.1.1,3
61114,SALUD,6111,MEDICAMENTOS,MEDICAMENTOS PARA EL SISTEMA RESPIRATORIO,0.25577,06.1.1,3
61115,SALUD,6111,MEDICAMENTOS,MEDICAMENTOS PARA EL APARATO CARDIOVASCULAR,0.21695,06.1.1,3
61116,SALUD,6111,MEDICAMENTOS,"MEDICAMENTOS ANTIINFLAMATORIOS NO CORTICOIDES, ANTIMIGRAÑOSOS Y SISTEMA OSTEO-MUSCULAR",0.18186,06.1.1,3
61117,SALUD,6111,MEDICAMENTOS,"MEDICAMENTOS DERMATOLÓGICOS, DESINFECTANTES Y ANTISÉPTICOS",0.13556,06.1.1,3
61118,SALUD,6111,MEDICAMENTOS,"MEDICAMENTOS ANTIINFECCIOSOS, ANTIVIRALES Y ANTIFUNGICOS",0.08144,06.1.1,3
61119,SALUD,6111,MEDICAMENTOS,PREPARADOS OFTALMOLÓGICOS,0.07753,06.1.1,3
611110,SALUD,6111,MEDICAMENTOS,"MEDICAMENTOS PARA EL TRATAMIENTO DEL CÁNCER, MODIFICADORES DEL SISTEMA INMUNE Y FÁRMACOS UTILIZADOS EN LOS CUIDADOS PALIATIVOS DEL DOLOR",0.06927,06.1.1,3
61121,SALUD,6112,PRODUCTOS HOMEOPÁTICOS,PRODUCTOS HOMEOPÁTICOS,0.05683,06.1.1,3
61211,SALUD,6121,PRODUCTOS MÉDICOS,PRODUCTOS PARA LA CURACIÓN DE HERIDAS,0.08445,06.1.2,3
61212,SALUD,6121,PRODUCTOS MÉDICOS,PRODUCTOS DE DIAGNÓSTICO MÉDICO,0.07601,06.1.2,3
61213,SALUD,6121,PRODUCTOS MÉDICOS,PRESERVATIVOS,0.01179,06.1.2,3
61311,SALUD,6131,LENTES ÓPTICOS,LENTES ÓPTICOS,0.42954,06.2,3
61321,SALUD,6132,PRODUCTOS DE ASISTENCIA PARA LA AUDICIÓN Y LA COMUNICACIÓN,PRODUCTOS DE ASISTENCIA PARA LA AUDICIÓN Y LA COMUNICACIÓN,0.04504,06.2,3
61331,SALUD,6133,ARTÍCULOS ORTOPÉDICOS,ARTÍCULOS ORTOPÉDICOS,0.07665,06.2,3
62111,SALUD,6211,SERVICIOS DENTALES,SERVICIOS DENTALES,1.55736,06.2.2,3
62211,SALUD,6221,SERVICIOS MÉDICOS,CONSULTAS MÉDICAS,1.10947,06.2.1,3
62212,SALUD,6221,SERVICIOS MÉDICOS,PROCEDIMIENTOS E INTERVENCIONES AMBULATORIAS,0.86407,06.2.1,3
63111,SALUD,6311,SERVICIOS DE HOSPITALIZACIÓN,SERVICIOS DE HOSPITALIZACIÓN,0.8414,06.3.0,3
64111,SALUD,6411,EXÁMENES DE IMAGENOLOGÍA Y RADIOLOGÍA,EXÁMENES DE IMAGENOLOGÍA Y RADIOLOGÍA,0.36317,06.2.1,3
64121,SALUD,6412,EXÁMENES DE LABORATORIO CLÍNICO,EXÁMENES DE LABORATORIO CLÍNICO,0.30256,06.2.1,3
71111,TRANSPORTE,7111,AUTOMÓVILES NUEVOS,AUTOMÓVILES NUEVOS,3.63561,07.1.1,3
71121,TRANSPORTE,7112,AUTOMÓVILES USADOS,AUTOMÓVILES USADOS,0.22352,07.1.1,3
71211,TRANSPORTE,7121,MOTOCICLETAS,MOTOCICLETAS,0.08329,07.1.2,3
71311,TRANSPORTE,7131,BICICLETAS,BICICLETAS,0.03448,07.1.2,3
72111,TRANSPORTE,7211,NEUMÁTICOS,NEUMÁTICOS,0.10851,07.2.1,3
72121,TRANSPORTE,7212,REPUESTOS PARA EL AUTOMÓVIL,REPUESTOS MECÁNICOS PARA EL AUTOMÓVIL,0.20463,07.2.1,3
72122,TRANSPORTE,7212,REPUESTOS PARA EL AUTOMÓVIL,REPUESTOS ELÉCTRICOS PARA EL AUTOMÓVIL,0.06565,07.2.1,3
72131,TRANSPORTE,7213,ACCESORIOS PARA VEHÍCULOS PERSONALES,ACCESORIOS PARA VEHÍCULOS PERSONALES,0.07671,07.2.1,3
72211,TRANSPORTE,7221,PETRÓLEO DIÉSEL,PETRÓLEO DIÉSEL,0.49502,07.2.2,3
72221,TRANSPORTE,7222,GASOLINA,GASOLINA,3.39002,07.2.2,3
72311,TRANSPORTE,7231,MANTENIMIENTO Y REPARACIÓN DE VEHÍCULOS PERSONALES,MANTENCIÓN Y REPARACIÓN DE VEHÍCULOS PERSONALES,1.03862,07.2.3,3
72312,TRANSPORTE,7231,MANTENIMIENTO Y REPARACIÓN DE VEHÍCULOS PERSONALES,SERVICIOS DE LAVADO DEL AUTOMÓVIL,0.03837,07.2.3,3
72411,TRANSPORTE,7241,SERVICIOS DE ESTACIONAMIENTO,SERVICIOS DE ESTACIONAMIENTO,0.2118,07.2.4,3
72421,TRANSPORTE,7242,SERVICIOS DE PEAJE,SERVICIOS DE PEAJE,0.74954,07.2.4,3
72431,TRANSPORTE,7243,SERVICIOS VINCULADOS A LA CIRCULACIÓN DEL VEHÍCULO,REVISIÓN TÉCNICA DEL AUTOMÓVIL,0.05231,07.2.4,3
72432,TRANSPORTE,7243,SERVICIOS VINCULADOS A LA CIRCULACIÓN DEL VEHÍCULO,LICENCIAS DE CONDUCIR,0.01902,07.2.4,3
73111,TRANSPORTE,7311,TRANSPORTE COLECTIVO DE PASAJEROS,TRANSPORTE EN MICROBUS,0.28767,07.3.2,3
73112,TRANSPORTE,7311,TRANSPORTE COLECTIVO DE PASAJEROS,TRANSPORTE EN BUS INTERURBANO,0.27451,07.3.2,3
73113,TRANSPORTE,7311,TRANSPORTE COLECTIVO DE PASAJEROS,TRANSPORTE EN TAXI COLECTIVO,0.25529,07.3.2,3
73121,TRANSPORTE,7312,TRANSPORTE PRIVADO DE PASAJEROS,TRANSPORTE PRIVADO DE PASAJEROS,0.43574,07.3.2,3
73131,TRANSPORTE,7313,TRANSPORTE ESCOLAR,TRANSPORTE ESCOLAR,0.18334,07.3.2,3
73211,TRANSPORTE,7321,TRANSPORTE AÉREO NACIONAL,TRANSPORTE AÉREO NACIONAL,0.19934,07.3.3,3
73221,TRANSPORTE,7322,TRANSPORTE AÉREO INTERNACIONAL,TRANSPORTE AÉREO INTERNACIONAL,0.64647,07.3.3,3
73311,TRANSPORTE,7331,TRANSPORTE COMBINADO DE PASAJEROS,TRANSPORTE COMBINADO DE PASAJEROS,0.7145,07.3.5,3
74111,TRANSPORTE,7411,ENVÍO DE BIENES Y PAQUETERÍA,ENVÍO DE BIENES Y PAQUETERÍA,0.02712,08.1.0,3
81111,INFORMACIÓN Y COMUNICACIÓN,8111,EQUIPOS DE TELEFONÍA MÓVIL,EQUIPOS DE TELEFONÍA MÓVIL,1.012,08.2,3
81211,INFORMACIÓN Y COMUNICACIÓN,8121,COMPUTADORES,COMPUTADORES,0.62115,09.1.3,3
81311,INFORMACIÓN Y COMUNICACIÓN,8131,EQUIPOS AUDIOVISUALES,TELEVISORES,0.36974,09.1.1,3
81312,INFORMACIÓN Y COMUNICACIÓN,8131,EQUIPOS AUDIOVISUALES,AUDÍFONOS Y PARLANTES,0.04878,09.1.1,3
81411,INFORMACIÓN Y COMUNICACIÓN,8141,DISPOSITIVOS Y ACCESORIOS TECNOLÓGICOS,DISPOSITIVOS Y ACCESORIOS TECNOLÓGICOS,0.07836,08.2,3
82111,INFORMACIÓN Y COMUNICACIÓN,8211,SERVICIOS DE TELEFONÍA MÓVIL,SERVICIOS DE TELEFONÍA MÓVIL,1.89638,08.2.0,2
82211,INFORMACIÓN Y COMUNICACIÓN,8221,CONEXIÓN A INTERNET,CONEXIÓN A INTERNET,0.53294,08.2.0,2
82311,INFORMACIÓN Y COMUNICACIÓN,8231,PACK DE TELECOMUNICACIONES,PACK DE TELECOMUNICACIONES,1.35714,08.2.0,2
82411,INFORMACIÓN Y COMUNICACIÓN,8241,SUSCRIPCIÓN A CONTENIDOS AUDIOVISUALES,SUSCRIPCIÓN A CONTENIDOS AUDIOVISUALES,0.72985,08.2.0,2
91111,"RECREACIÓN, DEPORTES Y CULTURA",9111,EQUIPOS DE JUEGOS PARA RECREACIÓN,EQUIPOS DE JUEGOS PARA RECREACIÓN,0.06251,09.1,2
92111,"RECREACIÓN, DEPORTES Y CULTURA",9211,CONSOLAS Y VIDEOJUEGOS,CONSOLAS DE VIDEOJUEGOS,0.0493,09.3.1,3
92112,"RECREACIÓN, DEPORTES Y CULTURA",9211,CONSOLAS Y VIDEOJUEGOS,VIDEOJUEGOS,0.04831,09.3.1,3
92121,"RECREACIÓN, DEPORTES Y CULTURA",9212,JUGUETES,JUGUETES,0.28281,09.3.1,3
92131,"RECREACIÓN, DEPORTES Y CULTURA",9213,ARTÍCULOS PARA CELEBRACIONES,ARTÍCULOS PARA CELEBRACIONES,0.08705,09.3.1,3
92211,"RECREACIÓN, DEPORTES Y CULTURA",9221,EQUIPOS E IMPLEMENTOS DEPORTIVOS,EQUIPOS E IMPLEMENTOS DEPORTIVOS,0.1858,09.3.2,3
92221,"RECREACIÓN, DEPORTES Y CULTURA",9222,ARTÍCULOS DE CAMPING Y RECREACIÓN,ARTÍCULOS DE CAMPING Y RECREACIÓN,0.04422,09.3.2,3
93111,"RECREACIÓN, DEPORTES Y CULTURA",9311,JARDINERÍA Y FLORISTERÍA,PLANTAS Y PRODUCTOS DE JARDINERÍA,0.08194,09.3.3,3
93112,"RECREACIÓN, DEPORTES Y CULTURA",9311,JARDINERÍA Y FLORISTERÍA,ARREGLOS FLORALES,0.07936,09.3.3,3
93211,"RECREACIÓN, DEPORTES Y CULTURA",9321,PRODUCTOS PARA MASCOTAS,ALIMENTOS PARA MASCOTAS,1.02148,09.3.4/5,3
93212,"RECREACIÓN, DEPORTES Y CULTURA",9321,PRODUCTOS PARA MASCOTAS,ACCESORIOS PARA MASCOTAS,0.16058,09.3.4/5,3
93213,"RECREACIÓN, DEPORTES Y CULTURA",9321,PRODUCTOS PARA MASCOTAS,MEDICAMENTOS Y PRODUCTOS VETERINARIOS,0.11209,09.3.4/5,3
94111,"RECREACIÓN, DEPORTES Y CULTURA",9411,SERVICIOS PARA MASCOTAS,SERVICIOS PARA MASCOTAS,0.50543,09.3.4/5,3
94211,"RECREACIÓN, DEPORTES Y CULTURA",9421,SERVICIOS PRESTADOS POR CENTROS RECREATIVOS,SERVICIOS PRESTADOS POR CENTROS RECREATIVOS,0.17783,09.4.1,3
94221,"RECREACIÓN, DEPORTES Y CULTURA",9422,SERVICIOS ASOCIADOS A LA PRÁCTICA DEPORTIVA,SERVICIOS ASOCIADOS A LA PRÁCTICA DEPORTIVA,0.2521,09.4.1,3
94231,"RECREACIÓN, DEPORTES Y CULTURA",9423,ENTRADAS A ESPECTÁCULOS DEPORTIVOS,ENTRADAS A ESPECTÁCULOS DEPORTIVOS,0.07653,09.4.1,3
94311,"RECREACIÓN, DEPORTES Y CULTURA",9431,JUEGOS DE AZAR,JUEGOS DE AZAR,0.03591,12.7,3
95111,"RECREACIÓN, DEPORTES Y CULTURA",9511,INSTRUMENTOS MUSICALES,INSTRUMENTOS MUSICALES,0.12146,09.2,3
96111,"RECREACIÓN, DEPORTES Y CULTURA",9611,ENTRADAS A ESPECTÁCULOS CULTURALES,ENTRADAS A ESPECTÁCULOS CULTURALES,0.33898,09.4.2,3
97111,"RECREACIÓN, DEPORTES Y CULTURA",9711,TEXTOS EDUCATIVOS,TEXTOS EDUCATIVOS,0.12168,09.5.1,3
97121,"RECREACIÓN, DEPORTES Y CULTURA",9712,LIBROS,LIBROS,0.24429,09.5.1,3
97211,"RECREACIÓN, DEPORTES Y CULTURA",9721,DIARIOS,DIARIOS,0.03039,09.5.3,3
97311,"RECREACIÓN, DEPORTES Y CULTURA",9731,ARTÍCULOS DE ESCRITORIO Y ARTES MANUALES,ARTÍCULOS DE ESCRITORIO Y ARTES MANUALES,0.32072,09.5.1,3
98111,"RECREACIÓN, DEPORTES Y CULTURA",9811,PAQUETES TURÍSTICOS,PAQUETES TURÍSTICOS INTERNACIONALES,0.2564,09.6.0,3
98112,"RECREACIÓN, DEPORTES Y CULTURA",9811,PAQUETES TURÍSTICOS,PAQUETES TURÍSTICOS NACIONALES,0.05637,09.6.0,3
101111,EDUCACIÓN,10111,ENSEÑANZA PRE-ESCOLAR Y ENSEÑANZA BÁSICA,EDUCACIÓN DE 2do CICLO DE ENSEÑANZA BÁSICA,0.50429,10.1.0,3
101112,EDUCACIÓN,10111,ENSEÑANZA PRE-ESCOLAR Y ENSEÑANZA BÁSICA,EDUCACIÓN DE 1er CICLO DE ENSEÑANZA BÁSICA,0.4744,10.1.0,3
101113,EDUCACIÓN,10111,ENSEÑANZA PRE-ESCOLAR Y ENSEÑANZA BÁSICA,EDUCACIÓN PARVULARIA,0.47102,10.1.0,3
102111,EDUCACIÓN,10211,ENSEÑANZA MEDIA,ENSEÑANZA MEDIA,0.58802,10.1.0,3
103111,EDUCACIÓN,10311,ENSEÑANZA SUPERIOR,ENSEÑANZA UNIVERSITARIA,1.32753,10,1
103112,EDUCACIÓN,10311,ENSEÑANZA SUPERIOR,ENSEÑANZA DE POST GRADO Y POSTÍTULO,0.30416,10,1
103113,EDUCACIÓN,10311,ENSEÑANZA SUPERIOR,ENSEÑANZA EN INSTITUTO PROFESIONAL,0.24884,10,1
103114,EDUCACIÓN,10311,ENSEÑANZA SUPERIOR,ENSEÑANZA EN CENTROS DE FORMACIÓN TÉCNICA,0.03582,10,1
104111,EDUCACIÓN,10411,PRE UNIVERSITARIOS,PRE UNIVERSITARIOS,0.09222,10,1
104121,EDUCACIÓN,10412,CURSOS DE CAPACITACIÓN,CURSOS DE CAPACITACIÓN,0.15201,10,1
111111,RESTAURANTES Y ALOJAMIENTO,11111,"RESTAURANTES, CAFÉS Y SIMILARES","ALIMENTOS ADQUIRIDOS EN RESTAURANTES, CAFÉS Y SIMILARES",5.05372,11.1.1,3
111112,RESTAURANTES Y ALOJAMIENTO,11111,"RESTAURANTES, CAFÉS Y SIMILARES","BEBIDAS NO ALCOHÓLICAS ADQUIRIDAS EN RESTAURANTES, CAFÉS Y SIMILARES",0.31495,11.1.1,3
111113,RESTAURANTES Y ALOJAMIENTO,11111,"RESTAURANTES, CAFÉS Y SIMILARES","BEBIDAS ALCOHÓLICAS ADQUIRIDAS EN RESTAURANTES, CAFÉS Y SIMILARES",0.20406,11.1.1,3
112111,RESTAURANTES Y ALOJAMIENTO,11211,SERVICIOS DE ALOJAMIENTO,SERVICIOS DE ALOJAMIENTO,0.64774,11.2.0,3
121111,SEGUROS Y SERVICIOS FINANCIEROS,12111,SEGUROS,SEGUROS,0.85256,12.5,2
122111,SEGUROS Y SERVICIOS FINANCIEROS,12211,GASTOS FINANCIEROS,GASTOS FINANCIEROS,0.25231,12.6,2
131111,BIENES Y SERVICIOS DIVERSOS,13111,APARATOS NO ELÉCTRICOS PARA EL CUIDADO PERSONAL,APARATOS NO ELÉCTRICOS PARA EL CUIDADO PERSONAL,0.13122,12.1.2,3
131121,BIENES Y SERVICIOS DIVERSOS,13112,ARTÍCULOS PARA EL CUIDADO PERSONAL,PAPEL HIGIÉNICO,0.42941,12.1.2,3
131122,BIENES Y SERVICIOS DIVERSOS,13112,ARTÍCULOS PARA EL CUIDADO PERSONAL,ARTÍCULOS PARA EL CUIDADO E HIGIENE CAPILAR,0.28629,12.1.2,3
131123,BIENES Y SERVICIOS DIVERSOS,13112,ARTÍCULOS PARA EL CUIDADO PERSONAL,"CREMAS, LOCIONES Y BLOQUEADORES",0.28454,12.1.2,3
131124,BIENES Y SERVICIOS DIVERSOS,13112,ARTÍCULOS PARA EL CUIDADO PERSONAL,PAÑALES DESECHABLES PARA BEBÉ,0.22784,12.1.2,3
131125,BIENES Y SERVICIOS DIVERSOS,13112,ARTÍCULOS PARA EL CUIDADO PERSONAL,ARTÍCULOS DE HIGIENE BUCAL,0.15189,12.1.2,3
131126,BIENES Y SERVICIOS DIVERSOS,13112,ARTÍCULOS PARA EL CUIDADO PERSONAL,JABONES,0.13415,12.1.2,3
131127,BIENES Y SERVICIOS DIVERSOS,13112,ARTÍCULOS PARA EL CUIDADO PERSONAL,DESODORANTES Y ANTITRANSPIRANTES,0.1336,12.1.2,3
131128,BIENES Y SERVICIOS DIVERSOS,13112,ARTÍCULOS PARA EL CUIDADO PERSONAL,ARTÍCULOS PARA LA CONTENCIÓN MENSTRUAL,0.07621,12.1.2,3
131131,BIENES Y SERVICIOS DIVERSOS,13113,ARTÍCULOS COSMÉTICOS,COLONIAS Y PERFUMES,0.16433,12.1.2,3
131132,BIENES Y SERVICIOS DIVERSOS,13113,ARTÍCULOS COSMÉTICOS,PRODUCTOS DE MAQUILLAJE,0.15534,12.1.2,3
131133,BIENES Y SERVICIOS DIVERSOS,13113,ARTÍCULOS COSMÉTICOS,TINTURAS Y FIJADORES,0.11327,12.1.2,3
131211,BIENES Y SERVICIOS DIVERSOS,13121,SERVICIOS DE PELUQUERÍA,SERVICIOS DE PELUQUERÍA,0.20112,12.1.1,3
131221,BIENES Y SERVICIOS DIVERSOS,13122,SERVICIOS EN CENTROS DE ESTÉTICA,SERVICIOS EN CENTROS DE ESTÉTICA,0.14336,12.1.1,3
132111,BIENES Y SERVICIOS DIVERSOS,13211,JOYAS Y RELOJES,JOYAS,0.14621,12.3.1,3
132112,BIENES Y SERVICIOS DIVERSOS,13211,JOYAS Y RELOJES,RELOJES DE PULSERA,0.0507,12.3.1,3
132211,BIENES Y SERVICIOS DIVERSOS,13221,OTROS ARTÍCULOS PERSONALES,"MOCHILAS, CARTERAS Y MALETAS",0.2032,12.3.2,3
132212,BIENES Y SERVICIOS DIVERSOS,13221,OTROS ARTÍCULOS PERSONALES,ARTÍCULOS PARA BEBÉS,0.02229,12.3.2,3
133111,BIENES Y SERVICIOS DIVERSOS,13311,RESIDENCIAS PARA ADULTOS MAYORES,RESIDENCIAS PARA ADULTOS MAYORES,0.15651,12.4.0,3
134111,BIENES Y SERVICIOS DIVERSOS,13411,OTROS SERVICIOS,SERVICIOS FUNERARIOS,0.40123,12.7,2
134112,BIENES Y SERVICIOS DIVERSOS,13411,OTROS SERVICIOS,EMISIÓN DE CERTIFICADOS,0.07767,12.7,2
134113,BIENES Y SERVICIOS DIVERSOS,13411,OTROS SERVICIOS,CUOTAS EN CENTROS DE PADRES Y APODERADOS,0.03867,12.7,2
